collective,num_nodes,num_gpus,size_bytes,algo,proto,nchannels,requested_algo,requested_proto,substituted,time_ip_us,busbw_ip,time_oop_us,busbw_oop,n_repeats,spread_pct,count,data_type,redop,algbw_ip,algbw_oop,errors_ip,errors_oop
all_reduce_perf,1,8,4096,RING,LL,1,RING,LL,0,6.27,0.27,6.2,0.23,3,20.414673046251984,1024,float,sum,0.09,0.08,0,0
all_reduce_perf,1,8,4096,RING,LL,2,RING,LL,0,6.32,0.26,5.99,0.24,3,4.430379746835446,1024,float,sum,0.09,0.08,0,0
all_reduce_perf,1,8,4096,RING,LL,4,RING,LL,0,6.57,0.26,5.98,0.23,3,19.178082191780817,1024,float,sum,0.09,0.08,0,0
all_reduce_perf,1,8,4096,RING,LL,8,RING,LL,0,6.19,0.26,6.0,0.23,3,2.2617124394184116,1024,float,sum,0.09,0.08,0,0
all_reduce_perf,1,8,4096,RING,LL,16,RING,LL,0,5.93,0.27,6.37,0.23,3,21.753794266441822,1024,float,sum,0.09,0.08,0,0
all_reduce_perf,1,8,4096,RING,LL,24,RING,LL,0,6.14,0.27,6.14,0.23,3,1.9543973941368098,1024,float,sum,0.09,0.08,0,0
all_reduce_perf,1,8,4096,RING,LL,32,RING,LL,0,6.29,0.26,6.19,0.22,3,28.61685214626391,1024,float,sum,0.09,0.08,0,0
all_reduce_perf,1,8,4096,RING,LL,40,RING,LL,0,6.02,0.26,6.22,0.22,3,1.8272425249169488,1024,float,sum,0.09,0.08,0,0
all_reduce_perf,1,8,4096,RING,LL,48,RING,LL,0,5.85,0.26,6.01,0.24,3,2.56410256410257,1024,float,sum,0.09,0.08,0,0
all_reduce_perf,1,8,4096,RING,LL,56,RING,LL,0,6.63,0.26,6.47,0.23,3,17.345399698340866,1024,float,sum,0.09,0.08,0,0
all_reduce_perf,1,8,4096,RING,SIMPLE,1,RING,SIMPLE,0,7.27,0.16,6.5,0.15,3,16.91884456671251,1024,float,sum,0.09,0.08,0,0
all_reduce_perf,1,8,4096,RING,SIMPLE,2,RING,SIMPLE,0,6.08,0.16,5.99,0.15,3,2.3026315789473633,1024,float,sum,0.09,0.08,0,0
all_reduce_perf,1,8,4096,RING,SIMPLE,4,RING,SIMPLE,0,6.26,0.17,5.89,0.15,3,21.56549520766774,1024,float,sum,0.09,0.08,0,0
all_reduce_perf,1,8,4096,RING,SIMPLE,8,RING,SIMPLE,0,6.5,0.16,6.89,0.15,3,12.92307692307692,1024,float,sum,0.09,0.08,0,0
all_reduce_perf,1,8,4096,RING,SIMPLE,16,RING,SIMPLE,0,6.18,0.16,6.01,0.15,3,2.588996763754048,1024,float,sum,0.09,0.08,0,0
all_reduce_perf,1,8,4096,RING,SIMPLE,24,RING,SIMPLE,0,5.85,0.16,5.95,0.15,3,49.23076923076925,1024,float,sum,0.09,0.08,0,0
all_reduce_perf,1,8,4096,RING,SIMPLE,32,RING,SIMPLE,0,6.08,0.16,6.2,0.16,3,5.756578947368415,1024,float,sum,0.09,0.08,0,0
all_reduce_perf,1,8,4096,RING,SIMPLE,40,RING,SIMPLE,0,5.94,0.16,6.01,0.15,3,20.87542087542088,1024,float,sum,0.09,0.08,0,0
all_reduce_perf,1,8,4096,RING,SIMPLE,48,RING,SIMPLE,0,5.97,0.16,6.03,0.15,3,11.892797319932997,1024,float,sum,0.09,0.08,0,0
all_reduce_perf,1,8,4096,RING,SIMPLE,56,RING,SIMPLE,0,5.85,0.16,5.91,0.15,3,11.794871794871788,1024,float,sum,0.09,0.08,0,0
all_reduce_perf,1,8,4096,TREE,LL,1,TREE,LL,0,5.99,0.29,5.94,0.26,3,9.515859766277133,1024,float,sum,0.09,0.08,0,0
all_reduce_perf,1,8,4096,TREE,LL,1,,,0,6.1,0.29,5.98,0.26,3,5.901639344262301,1024,float,sum,0.09,0.08,0,0
all_reduce_perf,1,8,4096,TREE,LL,2,TREE,LL,0,5.96,0.32,6.08,0.29,3,7.718120805369128,1024,float,sum,0.09,0.08,0,0
all_reduce_perf,1,8,4096,TREE,LL,4,TREE,LL,0,5.97,0.32,6.05,0.27,3,4.857621440536014,1024,float,sum,0.09,0.08,0,0
all_reduce_perf,1,8,4096,TREE,LL,8,TREE,LL,0,6.29,0.31,6.12,0.3,3,2.384737678855332,1024,float,sum,0.09,0.08,0,0
all_reduce_perf,1,8,4096,TREE,LL,16,TREE,LL,0,6.11,0.33,6.16,0.26,3,8.019639934533554,1024,float,sum,0.09,0.08,0,0
all_reduce_perf,1,8,4096,TREE,LL,24,TREE,LL,0,5.94,0.32,6.04,0.29,3,8.417508417508417,1024,float,sum,0.09,0.08,0,0
all_reduce_perf,1,8,4096,TREE,LL,32,TREE,LL,0,6.18,0.31,6.14,0.27,3,22.6537216828479,1024,float,sum,0.09,0.08,0,0
all_reduce_perf,1,8,4096,TREE,LL,40,TREE,LL,0,6.07,0.3,6.07,0.29,3,2.9654036243822173,1024,float,sum,0.09,0.08,0,0
all_reduce_perf,1,8,4096,TREE,LL,48,TREE,LL,0,5.88,0.32,6.02,0.29,3,1.1904761904761954,1024,float,sum,0.09,0.08,0,0
all_reduce_perf,1,8,4096,TREE,LL,56,TREE,LL,0,5.99,0.32,6.02,0.29,3,15.52587646076794,1024,float,sum,0.09,0.08,0,0
all_reduce_perf,1,8,8192,RING,LL,1,RING,LL,0,6.29,0.53,19.05,0.45,3,1.5898251192368782,1024,float,sum,0.09,0.08,0,0
all_reduce_perf,1,8,8192,RING,LL,2,RING,LL,0,6.68,0.54,10.06,0.45,3,12.425149700598805,1024,float,sum,0.09,0.08,0,0
all_reduce_perf,1,8,8192,RING,LL,4,RING,LL,0,6.03,0.52,10.14,0.47,3,7.960199004975131,1024,float,sum,0.09,0.08,0,0
all_reduce_perf,1,8,8192,RING,LL,8,RING,LL,0,6.12,0.53,12.4,0.48,3,10.294117647058822,1024,float,sum,0.09,0.08,0,0
all_reduce_perf,1,8,8192,RING,LL,16,RING,LL,0,6.37,0.53,21.47,0.44,3,15.698587127158556,1024,float,sum,0.09,0.08,0,0
all_reduce_perf,1,8,8192,RING,LL,24,RING,LL,0,5.97,0.52,16.02,0.5,3,5.360134003350089,1024,float,sum,0.09,0.08,0,0
all_reduce_perf,1,8,8192,RING,LL,32,RING,LL,0,6.67,0.52,15.44,0.48,3,9.595202398800595,1024,float,sum,0.09,0.08,0,0
all_reduce_perf,1,8,8192,RING,LL,40,RING,LL,0,6.3,0.51,16.92,0.46,3,14.126984126984121,1024,float,sum,0.09,0.08,0,0
all_reduce_perf,1,8,8192,RING,LL,48,RING,LL,0,6.14,0.53,16.19,0.48,3,17.263843648208464,1024,float,sum,0.09,0.08,0,0
all_reduce_perf,1,8,8192,RING,LL,56,RING,LL,0,6.15,0.52,19.23,0.48,3,17.23577235772357,1024,float,sum,0.09,0.08,0,0
all_reduce_perf,1,8,8192,RING,SIMPLE,1,RING,SIMPLE,0,6.54,0.33,19.8,0.32,3,13.608562691131507,1024,float,sum,0.09,0.08,0,0
all_reduce_perf,1,8,8192,RING,SIMPLE,2,RING,SIMPLE,0,6.02,0.33,19.65,0.32,3,4.152823920265781,1024,float,sum,0.09,0.08,0,0
all_reduce_perf,1,8,8192,RING,SIMPLE,4,RING,SIMPLE,0,5.86,0.33,14.15,0.33,3,15.529010238907851,1024,float,sum,0.09,0.08,0,0
all_reduce_perf,1,8,8192,RING,SIMPLE,8,RING,SIMPLE,0,6.08,0.33,11.87,0.32,3,2.6315789473684235,1024,float,sum,0.09,0.08,0,0
all_reduce_perf,1,8,8192,RING,SIMPLE,16,RING,SIMPLE,0,6.02,0.32,17.87,0.32,3,8.305647840531561,1024,float,sum,0.09,0.08,0,0
all_reduce_perf,1,8,8192,RING,SIMPLE,24,RING,SIMPLE,0,5.82,0.33,11.79,0.32,3,0.8591065292096343,1024,float,sum,0.09,0.08,0,0
all_reduce_perf,1,8,8192,RING,SIMPLE,32,RING,SIMPLE,0,5.85,0.33,8.51,0.32,3,2.0512820512820533,1024,float,sum,0.09,0.08,0,0
all_reduce_perf,1,8,8192,RING,SIMPLE,40,RING,SIMPLE,0,6.0,0.33,8.03,0.33,3,12.166666666666675,1024,float,sum,0.09,0.08,0,0
all_reduce_perf,1,8,8192,RING,SIMPLE,48,RING,SIMPLE,0,6.2,0.33,12.72,0.33,3,21.451612903225804,1024,float,sum,0.09,0.08,0,0
all_reduce_perf,1,8,8192,RING,SIMPLE,56,RING,SIMPLE,0,5.75,0.33,9.08,0.33,3,19.47826086956522,1024,float,sum,0.09,0.08,0,0
all_reduce_perf,1,8,8192,TREE,LL,1,TREE,LL,0,5.75,0.51,10.27,0.49,3,10.260869565217389,1024,float,sum,0.09,0.08,0,0
all_reduce_perf,1,8,8192,TREE,LL,1,,,0,5.92,0.5,15.98,0.49,3,10.64189189189189,1024,float,sum,0.09,0.08,0,0
all_reduce_perf,1,8,8192,TREE,LL,2,TREE,LL,0,5.87,0.58,18.78,0.5,3,2.555366269165253,1024,float,sum,0.09,0.08,0,0
all_reduce_perf,1,8,8192,TREE,LL,4,TREE,LL,0,6.03,0.6,17.61,0.5,3,3.3167495854062903,1024,float,sum,0.09,0.08,0,0
all_reduce_perf,1,8,8192,TREE,LL,8,TREE,LL,0,6.2,0.61,21.13,0.47,3,4.354838709677427,1024,float,sum,0.09,0.08,0,0
all_reduce_perf,1,8,8192,TREE,LL,16,TREE,LL,0,5.72,0.62,16.96,0.53,3,3.8461538461538423,1024,float,sum,0.09,0.08,0,0
all_reduce_perf,1,8,8192,TREE,LL,24,TREE,LL,0,5.68,0.61,18.83,0.5,3,12.676056338028166,1024,float,sum,0.09,0.08,0,0
all_reduce_perf,1,8,8192,TREE,LL,32,TREE,LL,0,6.11,0.62,17.2,0.5,3,3.764320785597388,1024,float,sum,0.09,0.08,0,0
all_reduce_perf,1,8,8192,TREE,LL,40,TREE,LL,0,5.74,0.62,19.02,0.49,3,4.703832752613248,1024,float,sum,0.09,0.08,0,0
all_reduce_perf,1,8,8192,TREE,LL,48,TREE,LL,0,6.29,0.62,14.27,0.53,3,15.103338632750402,1024,float,sum,0.09,0.08,0,0
all_reduce_perf,1,8,8192,TREE,LL,56,TREE,LL,0,5.94,0.61,13.89,0.53,3,12.626262626262625,1024,float,sum,0.09,0.08,0,0
all_reduce_perf,1,8,16384,RING,LL,1,RING,LL,0,5.74,1.05,14.48,0.8,3,2.4390243902438966,1024,float,sum,0.09,0.08,0,0
all_reduce_perf,1,8,16384,RING,LL,2,RING,LL,0,5.9,1.07,15.41,0.75,3,3.5593220338983045,1024,float,sum,0.09,0.08,0,0
all_reduce_perf,1,8,16384,RING,LL,4,RING,LL,0,5.92,1.06,12.9,0.85,3,3.040540540540536,1024,float,sum,0.09,0.08,0,0
all_reduce_perf,1,8,16384,RING,LL,8,RING,LL,0,6.58,1.02,19.15,0.74,3,12.46200607902736,1024,float,sum,0.09,0.08,0,0
all_reduce_perf,1,8,16384,RING,LL,16,RING,LL,0,5.89,1.03,18.53,0.76,3,30.5602716468591,1024,float,sum,0.09,0.08,0,0
all_reduce_perf,1,8,16384,RING,LL,24,RING,LL,0,5.98,1.03,19.85,0.75,3,3.3444816053511732,1024,float,sum,0.09,0.08,0,0
all_reduce_perf,1,8,16384,RING,LL,32,RING,LL,0,6.4,1.02,15.81,0.8,3,6.250000000000005,1024,float,sum,0.09,0.08,0,0
all_reduce_perf,1,8,16384,RING,LL,40,RING,LL,0,6.06,1.04,17.1,0.79,3,6.765676567656769,1024,float,sum,0.09,0.08,0,0
all_reduce_perf,1,8,16384,RING,LL,48,RING,LL,0,5.98,1.03,15.38,0.81,3,2.8428093645484935,1024,float,sum,0.09,0.08,0,0
all_reduce_perf,1,8,16384,RING,LL,56,RING,LL,0,6.09,1.03,16.94,0.75,3,7.224958949096886,1024,float,sum,0.09,0.08,0,0
all_reduce_perf,1,8,16384,RING,SIMPLE,1,RING,SIMPLE,0,6.23,0.67,18.79,0.57,3,13.804173354735157,1024,float,sum,0.09,0.08,0,0
all_reduce_perf,1,8,16384,RING,SIMPLE,2,RING,SIMPLE,0,5.86,0.64,17.07,0.56,3,4.948805460750854,1024,float,sum,0.09,0.08,0,0
all_reduce_perf,1,8,16384,RING,SIMPLE,4,RING,SIMPLE,0,5.64,0.64,18.39,0.57,3,12.943262411347511,1024,float,sum,0.09,0.08,0,0
all_reduce_perf,1,8,16384,RING,SIMPLE,8,RING,SIMPLE,0,5.9,0.63,11.68,0.58,3,3.7288135593220293,1024,float,sum,0.09,0.08,0,0
all_reduce_perf,1,8,16384,RING,SIMPLE,16,RING,SIMPLE,0,5.87,0.63,17.22,0.56,3,1.3628620102214664,1024,float,sum,0.09,0.08,0,0
all_reduce_perf,1,8,16384,RING,SIMPLE,24,RING,SIMPLE,0,5.82,0.64,8.31,0.6,3,2.9209621993127133,1024,float,sum,0.09,0.08,0,0
all_reduce_perf,1,8,16384,RING,SIMPLE,32,RING,SIMPLE,0,5.92,0.62,14.37,0.59,3,0.5067567567567609,1024,float,sum,0.09,0.08,0,0
all_reduce_perf,1,8,16384,RING,SIMPLE,40,RING,SIMPLE,0,5.78,0.64,16.7,0.54,3,12.629757785467119,1024,float,sum,0.09,0.08,0,0
all_reduce_perf,1,8,16384,RING,SIMPLE,48,RING,SIMPLE,0,5.75,0.64,10.17,0.57,3,13.043478260869565,1024,float,sum,0.09,0.08,0,0
all_reduce_perf,1,8,16384,RING,SIMPLE,56,RING,SIMPLE,0,5.8,0.64,15.31,0.54,3,11.896551724137938,1024,float,sum,0.09,0.08,0,0
all_reduce_perf,1,8,16384,TREE,LL,1,TREE,LL,0,5.63,0.81,20.14,0.65,3,11.367673179396103,1024,float,sum,0.09,0.08,0,0
all_reduce_perf,1,8,16384,TREE,LL,1,,,0,5.89,0.8,18.06,0.66,3,4.5840407470288556,1024,float,sum,0.09,0.08,0,0
all_reduce_perf,1,8,16384,TREE,LL,2,TREE,LL,0,5.84,1.0,18.51,0.76,3,4.452054794520544,1024,float,sum,0.09,0.08,0,0
all_reduce_perf,1,8,16384,TREE,LL,4,TREE,LL,0,5.93,1.12,19.89,0.76,3,2.6981450252950974,1024,float,sum,0.09,0.08,0,0
all_reduce_perf,1,8,16384,TREE,LL,8,TREE,LL,0,5.96,1.2,16.8,0.85,3,0.5033557046979759,1024,float,sum,0.09,0.08,0,0
all_reduce_perf,1,8,16384,TREE,LL,16,TREE,LL,0,5.97,1.19,15.91,0.86,3,0.8375209380234625,1024,float,sum,0.09,0.08,0,0
all_reduce_perf,1,8,16384,TREE,LL,24,TREE,LL,0,6.01,1.2,17.35,0.86,3,11.813643926788684,1024,float,sum,0.09,0.08,0,0
all_reduce_perf,1,8,16384,TREE,LL,32,TREE,LL,0,6.06,1.19,16.83,0.9,3,4.455445544554449,1024,float,sum,0.09,0.08,0,0
all_reduce_perf,1,8,16384,TREE,LL,40,TREE,LL,0,6.02,1.18,15.98,0.85,3,4.817275747508306,1024,float,sum,0.09,0.08,0,0
all_reduce_perf,1,8,16384,TREE,LL,48,TREE,LL,0,5.96,1.18,16.92,0.88,3,5.536912751677853,1024,float,sum,0.09,0.08,0,0
all_reduce_perf,1,8,16384,TREE,LL,56,TREE,LL,0,5.92,1.2,18.24,0.85,3,13.17567567567568,1024,float,sum,0.09,0.08,0,0
all_reduce_perf,1,8,32768,RING,LL,1,RING,LL,0,14.68,1.58,5.81,1.59,3,96.11716621253406,1024,float,sum,0.09,0.08,0,0
all_reduce_perf,1,8,32768,RING,LL,2,RING,LL,0,10.8,1.98,6.12,2.0,3,126.01851851851853,1024,float,sum,0.09,0.08,0,0
all_reduce_perf,1,8,32768,RING,LL,4,RING,LL,0,16.28,2.01,6.25,2.02,3,76.84275184275184,1024,float,sum,0.09,0.08,0,0
all_reduce_perf,1,8,32768,RING,LL,8,RING,LL,0,10.17,1.97,6.36,1.97,3,40.31465093411995,1024,float,sum,0.09,0.08,0,0
all_reduce_perf,1,8,32768,RING,LL,16,RING,LL,0,7.21,2.0,6.7,2.03,3,192.78779472954233,1024,float,sum,0.09,0.08,0,0
all_reduce_perf,1,8,32768,RING,LL,24,RING,LL,0,17.23,1.99,6.58,2.03,3,19.965177016831102,1024,float,sum,0.09,0.08,0,0
all_reduce_perf,1,8,32768,RING,LL,32,RING,LL,0,8.01,1.98,6.34,2.01,3,112.8589263420724,1024,float,sum,0.09,0.08,0,0
all_reduce_perf,1,8,32768,RING,LL,40,RING,LL,0,7.42,1.97,6.84,1.98,3,15.363881401617258,1024,float,sum,0.09,0.08,0,0
all_reduce_perf,1,8,32768,RING,LL,48,RING,LL,0,13.23,1.98,6.12,2.01,3,75.73696145124717,1024,float,sum,0.09,0.08,0,0
all_reduce_perf,1,8,32768,RING,LL,56,RING,LL,0,10.49,2.0,6.86,2.04,3,117.34985700667299,1024,float,sum,0.09,0.08,0,0
all_reduce_perf,1,8,32768,RING,SIMPLE,1,RING,SIMPLE,0,16.23,1.31,6.52,1.32,3,30.991990141712872,1024,float,sum,0.09,0.08,0,0
all_reduce_perf,1,8,32768,RING,SIMPLE,2,RING,SIMPLE,0,11.29,1.27,6.03,1.28,3,58.45881310894598,1024,float,sum,0.09,0.08,0,0
all_reduce_perf,1,8,32768,RING,SIMPLE,4,RING,SIMPLE,0,7.91,1.2,5.88,1.2,3,188.36915297092287,1024,float,sum,0.09,0.08,0,0
all_reduce_perf,1,8,32768,RING,SIMPLE,8,RING,SIMPLE,0,7.02,1.21,6.04,1.2,3,4.5584045584045505,1024,float,sum,0.09,0.08,0,0
all_reduce_perf,1,8,32768,RING,SIMPLE,16,RING,SIMPLE,0,14.31,1.19,6.25,1.19,3,44.514325646401126,1024,float,sum,0.09,0.08,0,0
all_reduce_perf,1,8,32768,RING,SIMPLE,24,RING,SIMPLE,0,13.52,1.2,6.01,1.2,3,69.896449704142,1024,float,sum,0.09,0.08,0,0
all_reduce_perf,1,8,32768,RING,SIMPLE,32,RING,SIMPLE,0,14.23,1.2,5.99,1.19,3,51.86226282501757,1024,float,sum,0.09,0.08,0,0
all_reduce_perf,1,8,32768,RING,SIMPLE,40,RING,SIMPLE,0,8.29,1.21,6.11,1.21,3,158.86610373944512,1024,float,sum,0.09,0.08,0,0
all_reduce_perf,1,8,32768,RING,SIMPLE,48,RING,SIMPLE,0,9.82,1.21,6.02,1.17,3,54.48065173116089,1024,float,sum,0.09,0.08,0,0
all_reduce_perf,1,8,32768,RING,SIMPLE,56,RING,SIMPLE,0,18.8,1.21,5.85,1.21,3,82.81914893617021,1024,float,sum,0.09,0.08,0,0
all_reduce_perf,1,8,32768,TREE,LL,1,TREE,LL,0,15.67,1.19,5.66,1.21,3,97.06445437141035,1024,float,sum,0.09,0.08,0,0
all_reduce_perf,1,8,32768,TREE,LL,2,TREE,LL,0,16.38,1.56,6.01,1.61,3,41.51404151404152,1024,float,sum,0.09,0.08,0,0
all_reduce_perf,1,8,32768,TREE,LL,2,,,0,14.63,1.57,5.9,1.58,3,23.308270676691727,1024,float,sum,0.09,0.08,0,0
all_reduce_perf,1,8,32768,TREE,LL,4,TREE,LL,0,13.43,1.85,5.99,1.91,3,81.45941921072227,1024,float,sum,0.09,0.08,0,0
all_reduce_perf,1,8,32768,TREE,LL,8,TREE,LL,0,13.41,2.09,5.95,2.16,3,76.80835197613722,1024,float,sum,0.09,0.08,0,0
all_reduce_perf,1,8,32768,TREE,LL,16,TREE,LL,0,17.22,2.26,6.13,2.39,3,21.95121951219512,1024,float,sum,0.09,0.08,0,0
all_reduce_perf,1,8,32768,TREE,LL,24,TREE,LL,0,16.74,2.18,6.37,2.36,3,31.063321385902032,1024,float,sum,0.09,0.08,0,0
all_reduce_perf,1,8,32768,TREE,LL,32,TREE,LL,0,11.78,2.22,6.54,2.33,3,105.60271646859083,1024,float,sum,0.09,0.08,0,0
all_reduce_perf,1,8,32768,TREE,LL,40,TREE,LL,0,14.93,2.15,6.49,2.35,3,76.02143335565974,1024,float,sum,0.09,0.08,0,0
all_reduce_perf,1,8,32768,TREE,LL,48,TREE,LL,0,18.74,2.22,6.48,2.36,3,49.573105656350066,1024,float,sum,0.09,0.08,0,0
all_reduce_perf,1,8,32768,TREE,LL,56,TREE,LL,0,10.2,2.28,6.43,2.34,3,84.2156862745098,1024,float,sum,0.09,0.08,0,0
all_reduce_perf,1,8,65536,RING,LL,1,RING,LL,0,16.88,2.13,5.76,2.11,3,65.8175355450237,1024,float,sum,0.09,0.08,0,0
all_reduce_perf,1,8,65536,RING,LL,2,RING,LL,0,15.19,2.8,5.75,3.06,3,27.320605661619478,1024,float,sum,0.09,0.08,0,0
all_reduce_perf,1,8,65536,RING,LL,4,RING,LL,0,15.17,3.43,5.92,3.93,3,94.00131839156228,1024,float,sum,0.09,0.08,0,0
all_reduce_perf,1,8,65536,RING,LL,8,RING,LL,0,18.85,3.35,5.98,3.98,3,64.61538461538461,1024,float,sum,0.09,0.08,0,0
all_reduce_perf,1,8,65536,RING,LL,16,RING,LL,0,17.91,3.53,6.01,4.05,3,87.26968174204355,1024,float,sum,0.09,0.08,0,0
all_reduce_perf,1,8,65536,RING,LL,24,RING,LL,0,18.61,3.38,6.02,3.99,3,12.627619559376688,1024,float,sum,0.09,0.08,0,0
all_reduce_perf,1,8,65536,RING,LL,32,RING,LL,0,17.12,3.55,6.34,4.07,3,6.425233644859821,1024,float,sum,0.09,0.08,0,0
all_reduce_perf,1,8,65536,RING,LL,40,RING,LL,0,14.07,3.61,6.5,4.0,3,12.437810945273633,1024,float,sum,0.09,0.08,0,0
all_reduce_perf,1,8,65536,RING,LL,48,RING,LL,0,11.12,3.69,6.26,4.01,3,65.82733812949641,1024,float,sum,0.09,0.08,0,0
all_reduce_perf,1,8,65536,RING,LL,56,RING,LL,0,17.24,3.4,6.45,4.04,3,71.28770301624131,1024,float,sum,0.09,0.08,0,0
all_reduce_perf,1,8,65536,RING,SIMPLE,1,RING,SIMPLE,0,16.45,2.51,6.18,2.49,3,28.996960486322187,1024,float,sum,0.09,0.08,0,0
all_reduce_perf,1,8,65536,RING,SIMPLE,2,RING,SIMPLE,0,9.45,2.62,5.62,2.54,3,26.560846560846564,1024,float,sum,0.09,0.08,0,0
all_reduce_perf,1,8,65536,RING,SIMPLE,4,RING,SIMPLE,0,10.58,2.55,5.91,2.47,3,110.68052930056712,1024,float,sum,0.09,0.08,0,0
all_reduce_perf,1,8,65536,RING,SIMPLE,8,RING,SIMPLE,0,10.71,2.44,5.86,2.37,3,73.29598506069094,1024,float,sum,0.09,0.08,0,0
all_reduce_perf,1,8,65536,RING,SIMPLE,16,RING,SIMPLE,0,12.65,2.45,5.79,2.38,3,88.3794466403162,1024,float,sum,0.09,0.08,0,0
all_reduce_perf,1,8,65536,RING,SIMPLE,24,RING,SIMPLE,0,17.77,2.43,5.93,2.35,3,71.35621834552617,1024,float,sum,0.09,0.08,0,0
all_reduce_perf,1,8,65536,RING,SIMPLE,32,RING,SIMPLE,0,8.32,2.38,5.89,2.38,3,61.65865384615383,1024,float,sum,0.09,0.08,0,0
all_reduce_perf,1,8,65536,RING,SIMPLE,40,RING,SIMPLE,0,17.02,2.44,5.99,2.38,3,16.980023501762638,1024,float,sum,0.09,0.08,0,0
all_reduce_perf,1,8,65536,RING,SIMPLE,48,RING,SIMPLE,0,6.67,2.45,5.87,2.36,3,177.81109445277363,1024,float,sum,0.09,0.08,0,0
all_reduce_perf,1,8,65536,RING,SIMPLE,56,RING,SIMPLE,0,18.99,2.43,6.13,2.41,3,30.173775671406005,1024,float,sum,0.09,0.08,0,0
all_reduce_perf,1,8,65536,TREE,LL,1,TREE,LL,0,9.62,1.6,5.55,1.57,3,38.66943866943866,1024,float,sum,0.09,0.08,0,0
all_reduce_perf,1,8,65536,TREE,LL,2,TREE,LL,0,10.39,2.36,5.76,2.37,3,98.65255052935514,1024,float,sum,0.09,0.08,0,0
all_reduce_perf,1,8,65536,TREE,LL,4,TREE,LL,0,16.58,3.08,5.75,3.08,3,72.73823884197829,1024,float,sum,0.09,0.08,0,0
all_reduce_perf,1,8,65536,TREE,LL,4,,,0,14.76,3.0,5.87,3.05,3,42.88617886178862,1024,float,sum,0.09,0.08,0,0
all_reduce_perf,1,8,65536,TREE,LL,8,TREE,LL,0,14.78,3.47,6.7,3.59,3,37.14479025710421,1024,float,sum,0.09,0.08,0,0
all_reduce_perf,1,8,65536,TREE,LL,16,TREE,LL,0,19.46,3.39,6.23,4.2,3,13.10380267214798,1024,float,sum,0.09,0.08,0,0
all_reduce_perf,1,8,65536,TREE,LL,24,TREE,LL,0,17.97,3.34,6.19,4.29,3,21.480244852532007,1024,float,sum,0.09,0.08,0,0
all_reduce_perf,1,8,65536,TREE,LL,32,TREE,LL,0,16.85,3.88,6.74,4.54,3,37.804154302670604,1024,float,sum,0.09,0.08,0,0
all_reduce_perf,1,8,65536,TREE,LL,40,TREE,LL,0,18.7,3.62,6.63,4.56,3,15.454545454545457,1024,float,sum,0.09,0.08,0,0
all_reduce_perf,1,8,65536,TREE,LL,48,TREE,LL,0,19.54,3.61,6.7,4.61,3,12.998976458546569,1024,float,sum,0.09,0.08,0,0
all_reduce_perf,1,8,65536,TREE,LL,56,TREE,LL,0,10.54,4.06,6.59,4.56,3,58.25426944971538,1024,float,sum,0.09,0.08,0,0
all_reduce_perf,1,8,131072,RING,LL,1,RING,LL,0,18.25,2.25,5.63,2.52,3,37.04109589041094,1024,float,sum,0.09,0.08,0,0
all_reduce_perf,1,8,131072,RING,LL,2,RING,LL,0,19.8,3.21,5.83,3.97,3,23.787878787878793,1024,float,sum,0.09,0.08,0,0
all_reduce_perf,1,8,131072,RING,LL,4,RING,LL,0,18.35,4.43,5.9,5.75,3,8.719346049046328,1024,float,sum,0.09,0.08,0,0
all_reduce_perf,1,8,131072,RING,LL,8,RING,LL,0,19.24,5.54,5.89,7.87,3,45.166320166320176,1024,float,sum,0.09,0.08,0,0
all_reduce_perf,1,8,131072,RING,LL,16,RING,LL,0,19.75,5.58,5.95,7.95,3,2.987341772151898,1024,float,sum,0.09,0.08,0,0
all_reduce_perf,1,8,131072,RING,LL,24,RING,LL,0,19.55,5.61,6.15,7.98,3,30.741687979539638,1024,float,sum,0.09,0.08,0,0
all_reduce_perf,1,8,131072,RING,LL,32,RING,LL,0,16.75,5.81,6.75,7.98,3,12.179104477611935,1024,float,sum,0.09,0.08,0,0
all_reduce_perf,1,8,131072,RING,LL,40,RING,LL,0,19.12,5.7,6.24,8.02,3,25.2092050209205,1024,float,sum,0.09,0.08,0,0
all_reduce_perf,1,8,131072,RING,LL,48,RING,LL,0,16.54,5.96,6.25,8.01,3,13.966142684401445,1024,float,sum,0.09,0.08,0,0
all_reduce_perf,1,8,131072,RING,LL,56,RING,LL,0,16.84,6.12,6.57,8.02,3,48.51543942992873,1024,float,sum,0.09,0.08,0,0
all_reduce_perf,1,8,131072,RING,SIMPLE,1,RING,SIMPLE,0,19.31,3.37,6.14,4.06,3,49.19730709476956,1024,float,sum,0.09,0.08,0,0
all_reduce_perf,1,8,131072,RING,SIMPLE,2,RING,SIMPLE,0,18.55,3.88,5.68,4.82,3,22.533692722371963,1024,float,sum,0.09,0.08,0,0
all_reduce_perf,1,8,131072,RING,SIMPLE,4,RING,SIMPLE,0,19.19,3.89,5.99,4.87,3,26.628452318916107,1024,float,sum,0.09,0.08,0,0
all_reduce_perf,1,8,131072,RING,SIMPLE,8,RING,SIMPLE,0,18.06,3.83,5.92,4.88,3,51.88261351052049,1024,float,sum,0.09,0.08,0,0
all_reduce_perf,1,8,131072,RING,SIMPLE,16,RING,SIMPLE,0,14.48,4.0,6.02,4.69,3,59.323204419889485,1024,float,sum,0.09,0.08,0,0
all_reduce_perf,1,8,131072,RING,SIMPLE,24,RING,SIMPLE,0,21.34,3.7,6.21,4.81,3,50.37488284910966,1024,float,sum,0.09,0.08,0,0
all_reduce_perf,1,8,131072,RING,SIMPLE,32,RING,SIMPLE,0,18.42,3.77,6.09,4.77,3,26.547231270358306,1024,float,sum,0.09,0.08,0,0
all_reduce_perf,1,8,131072,RING,SIMPLE,40,RING,SIMPLE,0,16.59,3.96,5.92,4.77,3,51.17540687160941,1024,float,sum,0.09,0.08,0,0
all_reduce_perf,1,8,131072,RING,SIMPLE,48,RING,SIMPLE,0,15.33,3.97,6.02,4.76,3,63.14416177429876,1024,float,sum,0.09,0.08,0,0
all_reduce_perf,1,8,131072,RING,SIMPLE,56,RING,SIMPLE,0,19.89,3.73,6.09,4.82,3,9.602815485168408,1024,float,sum,0.09,0.08,0,0
all_reduce_perf,1,8,131072,TREE,LL,1,TREE,LL,0,16.2,1.72,5.64,1.89,3,10.925925925925924,1024,float,sum,0.09,0.08,0,0
all_reduce_perf,1,8,131072,TREE,LL,2,TREE,LL,0,14.02,2.72,5.7,3.1,3,67.11840228245364,1024,float,sum,0.09,0.08,0,0
all_reduce_perf,1,8,131072,TREE,LL,4,TREE,LL,0,13.05,3.64,5.74,4.51,3,55.78544061302683,1024,float,sum,0.09,0.08,0,0
all_reduce_perf,1,8,131072,TREE,LL,8,TREE,LL,0,18.68,4.48,5.91,6.03,3,13.918629550321207,1024,float,sum,0.09,0.08,0,0
all_reduce_perf,1,8,131072,TREE,LL,8,,,0,19.29,4.31,5.93,5.97,3,9.331259720062214,1024,float,sum,0.09,0.08,0,0
all_reduce_perf,1,8,131072,TREE,LL,16,TREE,LL,0,18.84,5.26,6.19,7.31,3,9.50106157112526,1024,float,sum,0.09,0.08,0,0
all_reduce_perf,1,8,131072,TREE,LL,24,TREE,LL,0,19.85,5.25,6.37,7.72,3,11.234256926952142,1024,float,sum,0.09,0.08,0,0
all_reduce_perf,1,8,131072,TREE,LL,32,TREE,LL,0,17.65,5.92,6.63,8.2,3,44.022662889518415,1024,float,sum,0.09,0.08,0,0
all_reduce_perf,1,8,131072,TREE,LL,40,TREE,LL,0,17.36,6.06,6.75,8.27,3,48.61751152073733,1024,float,sum,0.09,0.08,0,0
all_reduce_perf,1,8,131072,TREE,LL,48,TREE,LL,0,21.13,5.49,6.45,8.25,3,57.07524846190252,1024,float,sum,0.09,0.08,0,0
all_reduce_perf,1,8,131072,TREE,LL,56,TREE,LL,0,18.75,5.8,6.7,8.3,3,20.0,1024,float,sum,0.09,0.08,0,0
all_reduce_perf,1,8,262144,RING,LL,1,RING,LL,0,5.73,2.68,5.9,2.65,3,23.560209424083776,1024,float,sum,0.09,0.08,0,0
all_reduce_perf,1,8,262144,RING,LL,2,RING,LL,0,5.79,4.62,5.77,4.58,3,2.2452504317789272,1024,float,sum,0.09,0.08,0,0
all_reduce_perf,1,8,262144,RING,LL,4,RING,LL,0,5.93,7.51,5.92,7.38,3,2.023608768971334,1024,float,sum,0.09,0.08,0,0
all_reduce_perf,1,8,262144,RING,LL,8,RING,LL,0,5.88,11.64,5.88,11.26,3,1.8707482993197182,1024,float,sum,0.09,0.08,0,0
all_reduce_perf,1,8,262144,RING,LL,16,RING,LL,0,6.0,15.89,6.8,15.51,3,14.666666666666664,1024,float,sum,0.09,0.08,0,0
all_reduce_perf,1,8,262144,RING,LL,24,RING,LL,0,6.26,15.99,6.18,15.53,3,19.329073482428115,1024,float,sum,0.09,0.08,0,0
all_reduce_perf,1,8,262144,RING,LL,32,RING,LL,0,6.58,16.2,6.42,15.71,3,6.079027355623092,1024,float,sum,0.09,0.08,0,0
all_reduce_perf,1,8,262144,RING,LL,40,RING,LL,0,6.46,16.16,6.35,15.68,3,0.3095975232198076,1024,float,sum,0.09,0.08,0,0
all_reduce_perf,1,8,262144,RING,LL,48,RING,LL,0,6.53,16.09,6.53,15.84,3,1.225114854517612,1024,float,sum,0.09,0.08,0,0
all_reduce_perf,1,8,262144,RING,LL,56,RING,LL,0,6.83,16.12,6.73,15.88,3,8.345534407027824,1024,float,sum,0.09,0.08,0,0
all_reduce_perf,1,8,262144,RING,SIMPLE,1,RING,SIMPLE,0,6.25,6.09,6.22,5.98,3,9.760000000000005,1024,float,sum,0.09,0.08,0,0
all_reduce_perf,1,8,262144,RING,SIMPLE,2,RING,SIMPLE,0,5.79,8.24,5.73,7.96,3,12.435233160621758,1024,float,sum,0.09,0.08,0,0
all_reduce_perf,1,8,262144,RING,SIMPLE,4,RING,SIMPLE,0,6.02,9.74,5.84,9.43,3,26.24584717607974,1024,float,sum,0.09,0.08,0,0
all_reduce_perf,1,8,262144,RING,SIMPLE,8,RING,SIMPLE,0,5.97,9.95,5.9,9.74,3,6.03015075376885,1024,float,sum,0.09,0.08,0,0
all_reduce_perf,1,8,262144,RING,SIMPLE,16,RING,SIMPLE,0,6.06,9.96,6.05,9.66,3,26.897689768976914,1024,float,sum,0.09,0.08,0,0
all_reduce_perf,1,8,262144,RING,SIMPLE,24,RING,SIMPLE,0,6.15,9.98,6.12,9.65,3,4.552845528455274,1024,float,sum,0.09,0.08,0,0
all_reduce_perf,1,8,262144,RING,SIMPLE,32,RING,SIMPLE,0,6.34,9.62,6.41,9.43,3,2.365930599369091,1024,float,sum,0.09,0.08,0,0
all_reduce_perf,1,8,262144,RING,SIMPLE,40,RING,SIMPLE,0,6.38,9.62,6.3,9.52,3,9.561128526645774,1024,float,sum,0.09,0.08,0,0
all_reduce_perf,1,8,262144,RING,SIMPLE,48,RING,SIMPLE,0,6.41,9.65,6.5,9.32,3,10.920436817472702,1024,float,sum,0.09,0.08,0,0
all_reduce_perf,1,8,262144,RING,SIMPLE,56,RING,SIMPLE,0,6.4,9.61,6.4,9.51,3,11.249999999999996,1024,float,sum,0.09,0.08,0,0
all_reduce_perf,1,8,262144,TREE,LL,1,TREE,LL,0,5.84,2.06,5.79,2.06,3,14.897260273972604,1024,float,sum,0.09,0.08,0,0
all_reduce_perf,1,8,262144,TREE,LL,2,TREE,LL,0,5.81,3.69,5.79,3.68,3,0.5163511187607616,1024,float,sum,0.09,0.08,0,0
all_reduce_perf,1,8,262144,TREE,LL,4,TREE,LL,0,5.82,5.89,5.82,5.88,3,1.0309278350515396,1024,float,sum,0.09,0.08,0,0
all_reduce_perf,1,8,262144,TREE,LL,8,TREE,LL,0,5.89,8.88,5.92,8.8,3,19.01528013582343,1024,float,sum,0.09,0.08,0,0
all_reduce_perf,1,8,262144,TREE,LL,16,TREE,LL,0,6.2,11.85,6.15,11.81,3,2.2580645161290414,1024,float,sum,0.09,0.08,0,0
all_reduce_perf,1,8,262144,TREE,LL,16,,,0,6.29,11.75,6.3,11.7,3,12.400635930047684,1024,float,sum,0.09,0.08,0,0
all_reduce_perf,1,8,262144,TREE,LL,24,TREE,LL,0,6.28,12.93,6.26,12.93,3,10.50955414012739,1024,float,sum,0.09,0.08,0,0
all_reduce_perf,1,8,262144,TREE,LL,32,TREE,LL,0,6.6,14.35,6.65,14.31,3,2.2727272727272783,1024,float,sum,0.09,0.08,0,0
all_reduce_perf,1,8,262144,TREE,LL,40,TREE,LL,0,6.74,14.27,6.72,14.22,3,8.753709198813054,1024,float,sum,0.09,0.08,0,0
all_reduce_perf,1,8,262144,TREE,LL,48,TREE,LL,0,6.91,15.35,7.0,14.84,3,2.3154848046309717,1024,float,sum,0.09,0.08,0,0
all_reduce_perf,1,8,262144,TREE,LL,56,TREE,LL,0,6.99,15.39,7.02,15.07,3,10.87267525035765,1024,float,sum,0.09,0.08,0,0
all_reduce_perf,1,8,524288,RING,LL,1,RING,LL,0,5.68,2.74,9.17,2.71,3,4.049295774647895,1024,float,sum,0.09,0.08,0,0
all_reduce_perf,1,8,524288,RING,LL,2,RING,LL,0,5.7,4.8,18.69,4.73,3,1.5789473684210655,1024,float,sum,0.09,0.08,0,0
all_reduce_perf,1,8,524288,RING,LL,4,RING,LL,0,5.88,8.7,11.43,8.55,3,2.721088435374152,1024,float,sum,0.09,0.08,0,0
all_reduce_perf,1,8,524288,RING,LL,8,RING,LL,0,5.72,14.92,15.95,14.38,3,4.370629370629371,1024,float,sum,0.09,0.08,0,0
all_reduce_perf,1,8,524288,RING,LL,16,RING,LL,0,6.04,23.2,17.32,22.06,3,15.894039735099339,1024,float,sum,0.09,0.08,0,0
all_reduce_perf,1,8,524288,RING,LL,24,RING,LL,0,6.14,23.34,16.15,22.18,3,2.4429967426710157,1024,float,sum,0.09,0.08,0,0
all_reduce_perf,1,8,524288,RING,LL,32,RING,LL,0,6.39,31.41,16.43,29.38,3,8.76369327073552,1024,float,sum,0.09,0.08,0,0
all_reduce_perf,1,8,524288,RING,LL,40,RING,LL,0,6.43,31.26,12.9,29.15,3,1.0886469673405816,1024,float,sum,0.09,0.08,0,0
all_reduce_perf,1,8,524288,RING,LL,48,RING,LL,0,6.39,31.47,10.74,29.92,3,4.381846635367767,1024,float,sum,0.09,0.08,0,0
all_reduce_perf,1,8,524288,RING,LL,56,RING,LL,0,7.41,31.63,17.23,29.77,3,10.6612685560054,1024,float,sum,0.09,0.08,0,0
all_reduce_perf,1,8,524288,RING,SIMPLE,1,RING,SIMPLE,0,6.11,7.93,17.63,7.74,3,9.492635024549918,1024,float,sum,0.09,0.08,0,0
all_reduce_perf,1,8,524288,RING,SIMPLE,2,RING,SIMPLE,0,5.62,12.03,7.62,11.54,3,14.05693950177936,1024,float,sum,0.09,0.08,0,0
all_reduce_perf,1,8,524288,RING,SIMPLE,4,RING,SIMPLE,0,5.76,15.9,10.51,15.13,3,14.409722222222223,1024,float,sum,0.09,0.08,0,0
all_reduce_perf,1,8,524288,RING,SIMPLE,8,RING,SIMPLE,0,5.8,19.09,12.44,18.14,3,1.2068965517241275,1024,float,sum,0.09,0.08,0,0
all_reduce_perf,1,8,524288,RING,SIMPLE,16,RING,SIMPLE,0,5.95,19.92,16.95,18.89,3,2.5210084033613356,1024,float,sum,0.09,0.08,0,0
all_reduce_perf,1,8,524288,RING,SIMPLE,16,,,0,5.9,19.95,8.76,18.67,3,0.8474576271186409,1024,float,sum,0.09,0.08,0,0
all_reduce_perf,1,8,524288,RING,SIMPLE,24,RING,SIMPLE,0,6.06,19.52,17.26,18.66,3,5.280528052805286,1024,float,sum,0.09,0.08,0,0
all_reduce_perf,1,8,524288,RING,SIMPLE,32,RING,SIMPLE,0,6.3,19.53,16.76,18.8,3,3.1746031746031633,1024,float,sum,0.09,0.08,0,0
all_reduce_perf,1,8,524288,RING,SIMPLE,40,RING,SIMPLE,0,6.2,19.66,15.05,18.64,3,25.806451612903235,1024,float,sum,0.09,0.08,0,0
all_reduce_perf,1,8,524288,RING,SIMPLE,48,RING,SIMPLE,0,6.28,19.55,15.67,18.76,3,11.624203821656057,1024,float,sum,0.09,0.08,0,0
all_reduce_perf,1,8,524288,RING,SIMPLE,56,RING,SIMPLE,0,6.24,19.79,19.36,18.91,3,13.461538461538472,1024,float,sum,0.09,0.08,0,0
all_reduce_perf,1,8,524288,TREE,LL,1,TREE,LL,0,5.66,2.18,17.01,2.17,3,14.8409893992933,1024,float,sum,0.09,0.08,0,0
all_reduce_perf,1,8,524288,TREE,LL,2,TREE,LL,0,5.66,4.06,18.62,4.05,3,2.826855123674914,1024,float,sum,0.09,0.08,0,0
all_reduce_perf,1,8,524288,TREE,LL,4,TREE,LL,0,5.68,6.98,13.64,6.88,3,5.457746478873248,1024,float,sum,0.09,0.08,0,0
all_reduce_perf,1,8,524288,TREE,LL,8,TREE,LL,0,5.78,11.65,18.37,11.45,3,4.671280276816617,1024,float,sum,0.09,0.08,0,0
all_reduce_perf,1,8,524288,TREE,LL,16,TREE,LL,0,6.2,17.59,18.74,17.06,3,4.5161290322580685,1024,float,sum,0.09,0.08,0,0
all_reduce_perf,1,8,524288,TREE,LL,24,TREE,LL,0,6.29,20.65,7.58,20.14,3,16.057233704292525,1024,float,sum,0.09,0.08,0,0
all_reduce_perf,1,8,524288,TREE,LL,32,TREE,LL,0,6.45,23.3,19.1,22.55,3,19.22480620155039,1024,float,sum,0.09,0.08,0,0
all_reduce_perf,1,8,524288,TREE,LL,40,TREE,LL,0,6.73,24.02,17.79,23.42,3,6.389301634472506,1024,float,sum,0.09,0.08,0,0
all_reduce_perf,1,8,524288,TREE,LL,48,TREE,LL,0,6.87,24.59,11.84,24.44,3,3.3478893740902538,1024,float,sum,0.09,0.08,0,0
all_reduce_perf,1,8,524288,TREE,LL,56,TREE,LL,0,7.12,26.64,13.26,25.88,3,11.938202247191006,1024,float,sum,0.09,0.08,0,0
all_reduce_perf,1,8,1048576,RING,LL,1,RING,LL,0,5.76,2.77,18.18,2.76,3,1.9097222222222279,1024,float,sum,0.09,0.08,0,0
all_reduce_perf,1,8,1048576,RING,LL,2,RING,LL,0,5.78,4.9,20.33,4.83,3,1.903114186851201,1024,float,sum,0.09,0.08,0,0
all_reduce_perf,1,8,1048576,RING,LL,4,RING,LL,0,5.89,9.08,15.78,8.99,3,2.207130730050932,1024,float,sum,0.09,0.08,0,0
all_reduce_perf,1,8,1048576,RING,LL,8,RING,LL,0,5.87,17.32,19.68,17.12,3,1.8739352640545197,1024,float,sum,0.09,0.08,0,0
all_reduce_perf,1,8,1048576,RING,LL,16,RING,LL,0,5.96,29.53,18.87,28.2,3,23.322147651006706,1024,float,sum,0.09,0.08,0,0
all_reduce_perf,1,8,1048576,RING,LL,24,RING,LL,0,6.17,35.92,18.15,32.34,3,4.051863857374392,1024,float,sum,0.09,0.08,0,0
all_reduce_perf,1,8,1048576,RING,LL,32,RING,LL,0,6.39,44.99,12.83,39.63,3,10.798122065727705,1024,float,sum,0.09,0.08,0,0
all_reduce_perf,1,8,1048576,RING,LL,40,RING,LL,0,6.47,45.82,17.4,38.07,3,0.6182380216383313,1024,float,sum,0.09,0.08,0,0
all_reduce_perf,1,8,1048576,RING,LL,48,RING,LL,0,6.53,46.11,16.62,39.95,3,13.782542113323116,1024,float,sum,0.09,0.08,0,0
all_reduce_perf,1,8,1048576,RING,LL,56,RING,LL,0,6.72,46.09,16.39,39.74,3,9.67261904761904,1024,float,sum,0.09,0.08,0,0
all_reduce_perf,1,8,1048576,RING,SIMPLE,1,RING,SIMPLE,0,6.18,9.39,17.14,9.27,3,8.57605177993528,1024,float,sum,0.09,0.08,0,0
all_reduce_perf,1,8,1048576,RING,SIMPLE,2,RING,SIMPLE,0,5.73,15.68,18.13,15.37,3,13.089005235602095,1024,float,sum,0.09,0.08,0,0
all_reduce_perf,1,8,1048576,RING,SIMPLE,4,RING,SIMPLE,0,5.75,23.27,16.17,22.83,3,11.652173913043477,1024,float,sum,0.09,0.08,0,0
all_reduce_perf,1,8,1048576,RING,SIMPLE,8,RING,SIMPLE,0,5.86,31.55,14.95,30.14,3,3.4129692832764382,1024,float,sum,0.09,0.08,0,0
all_reduce_perf,1,8,1048576,RING,SIMPLE,16,RING,SIMPLE,0,6.15,37.93,16.55,34.79,3,15.447154471544703,1024,float,sum,0.09,0.08,0,0
all_reduce_perf,1,8,1048576,RING,SIMPLE,24,RING,SIMPLE,0,6.19,38.47,9.0,37.5,3,3.231017770597741,1024,float,sum,0.09,0.08,0,0
all_reduce_perf,1,8,1048576,RING,SIMPLE,32,RING,SIMPLE,0,6.31,38.51,11.7,35.26,3,2.8526148969889165,1024,float,sum,0.09,0.08,0,0
all_reduce_perf,1,8,1048576,RING,SIMPLE,32,,,0,6.28,39.12,19.59,33.91,3,0.6369426751592362,1024,float,sum,0.09,0.08,0,0
all_reduce_perf,1,8,1048576,RING,SIMPLE,40,RING,SIMPLE,0,6.26,38.84,14.53,35.27,3,14.696485623003209,1024,float,sum,0.09,0.08,0,0
all_reduce_perf,1,8,1048576,RING,SIMPLE,48,RING,SIMPLE,0,6.46,38.19,14.01,34.61,3,12.383900928792567,1024,float,sum,0.09,0.08,0,0
all_reduce_perf,1,8,1048576,RING,SIMPLE,56,RING,SIMPLE,0,6.44,38.36,18.2,33.46,3,14.130434782608697,1024,float,sum,0.09,0.08,0,0
all_reduce_perf,1,8,1048576,TREE,LL,1,TREE,LL,0,5.68,2.28,15.58,2.24,3,13.732394366197173,1024,float,sum,0.09,0.08,0,0
all_reduce_perf,1,8,1048576,TREE,LL,2,TREE,LL,0,5.74,4.24,18.98,4.26,3,1.9163763066202144,1024,float,sum,0.09,0.08,0,0
all_reduce_perf,1,8,1048576,TREE,LL,4,TREE,LL,0,5.72,7.63,15.44,7.64,3,2.7972027972028,1024,float,sum,0.09,0.08,0,0
all_reduce_perf,1,8,1048576,TREE,LL,8,TREE,LL,0,5.95,13.8,17.28,13.81,3,7.731092436974789,1024,float,sum,0.09,0.08,0,0
all_reduce_perf,1,8,1048576,TREE,LL,16,TREE,LL,0,6.03,23.01,17.53,22.89,3,3.316749585406305,1024,float,sum,0.09,0.08,0,0
all_reduce_perf,1,8,1048576,TREE,LL,24,TREE,LL,0,6.23,28.94,22.34,26.73,3,20.06420545746388,1024,float,sum,0.09,0.08,0,0
all_reduce_perf,1,8,1048576,TREE,LL,32,TREE,LL,0,6.57,34.44,19.49,31.65,3,3.1963470319634832,1024,float,sum,0.09,0.08,0,0
all_reduce_perf,1,8,1048576,TREE,LL,40,TREE,LL,0,6.95,37.57,18.52,34.25,3,9.208633093525174,1024,float,sum,0.09,0.08,0,0
all_reduce_perf,1,8,1048576,TREE,LL,48,TREE,LL,0,7.04,39.86,18.04,35.7,3,0.42613636363636714,1024,float,sum,0.09,0.08,0,0
all_reduce_perf,1,8,1048576,TREE,LL,56,TREE,LL,0,7.07,41.22,19.63,36.18,3,11.598302687411602,1024,float,sum,0.09,0.08,0,0
all_reduce_perf,1,8,2097152,RING,LL,1,RING,LL,0,6.78,2.8,5.82,2.77,3,131.12094395280235,1024,float,sum,0.09,0.08,0,0
all_reduce_perf,1,8,2097152,RING,LL,2,RING,LL,0,10.51,4.91,5.88,4.86,3,23.78686964795433,1024,float,sum,0.09,0.08,0,0
all_reduce_perf,1,8,2097152,RING,LL,4,RING,LL,0,18.74,9.24,5.96,9.23,3,27.107790821771605,1024,float,sum,0.09,0.08,0,0
all_reduce_perf,1,8,2097152,RING,LL,8,RING,LL,0,10.57,18.07,5.85,17.9,3,81.36234626300852,1024,float,sum,0.09,0.08,0,0
all_reduce_perf,1,8,2097152,RING,LL,16,RING,LL,0,12.4,34.35,6.03,33.92,3,78.62903225806451,1024,float,sum,0.09,0.08,0,0
all_reduce_perf,1,8,2097152,RING,LL,24,RING,LL,0,16.03,43.3,6.19,42.72,3,79.03930131004367,1024,float,sum,0.09,0.08,0,0
all_reduce_perf,1,8,2097152,RING,LL,32,RING,LL,0,10.78,57.82,6.4,57.04,3,60.66790352504638,1024,float,sum,0.09,0.08,0,0
all_reduce_perf,1,8,2097152,RING,LL,40,RING,LL,0,14.89,58.28,6.41,57.43,3,39.556749496306246,1024,float,sum,0.09,0.08,0,0
all_reduce_perf,1,8,2097152,RING,LL,48,RING,LL,0,16.31,69.8,6.59,68.81,3,38.93316983445739,1024,float,sum,0.09,0.08,0,0
all_reduce_perf,1,8,2097152,RING,LL,56,RING,LL,0,16.38,70.17,6.89,68.4,3,60.8058608058608,1024,float,sum,0.09,0.08,0,0
all_reduce_perf,1,8,2097152,RING,SIMPLE,1,RING,SIMPLE,0,18.31,10.99,6.19,10.67,3,52.53959584926271,1024,float,sum,0.09,0.08,0,0
all_reduce_perf,1,8,2097152,RING,SIMPLE,2,RING,SIMPLE,0,11.96,18.56,5.7,18.27,3,70.73578595317724,1024,float,sum,0.09,0.08,0,0
all_reduce_perf,1,8,2097152,RING,SIMPLE,4,RING,SIMPLE,0,13.41,30.09,5.8,29.75,3,42.80387770320658,1024,float,sum,0.09,0.08,0,0
all_reduce_perf,1,8,2097152,RING,SIMPLE,8,RING,SIMPLE,0,13.65,45.88,5.92,44.94,3,66.007326007326,1024,float,sum,0.09,0.08,0,0
all_reduce_perf,1,8,2097152,RING,SIMPLE,16,RING,SIMPLE,0,8.63,62.53,6.05,60.07,3,96.52375434530705,1024,float,sum,0.09,0.08,0,0
all_reduce_perf,1,8,2097152,RING,SIMPLE,24,RING,SIMPLE,0,10.8,62.07,6.37,60.75,3,82.68518518518518,1024,float,sum,0.09,0.08,0,0
all_reduce_perf,1,8,2097152,RING,SIMPLE,32,RING,SIMPLE,0,10.6,74.55,6.5,71.77,3,99.71698113207547,1024,float,sum,0.09,0.08,0,0
all_reduce_perf,1,8,2097152,RING,SIMPLE,40,RING,SIMPLE,0,12.23,74.27,6.35,72.15,3,26.98282910874897,1024,float,sum,0.09,0.08,0,0
all_reduce_perf,1,8,2097152,RING,SIMPLE,48,RING,SIMPLE,0,7.24,74.75,6.43,72.15,3,120.30386740331494,1024,float,sum,0.09,0.08,0,0
all_reduce_perf,1,8,2097152,RING,SIMPLE,56,RING,SIMPLE,0,14.28,75.05,6.67,73.24,3,19.747899159663866,1024,float,sum,0.09,0.08,0,0
all_reduce_perf,1,8,2097152,RING,SIMPLE,56,,,0,12.49,74.97,6.69,72.59,3,62.770216172938355,1024,float,sum,0.09,0.08,0,0
all_reduce_perf,1,8,2097152,TREE,LL,1,TREE,LL,0,11.77,2.29,5.64,2.28,3,87.51062022090059,1024,float,sum,0.09,0.08,0,0
all_reduce_perf,1,8,2097152,TREE,LL,2,TREE,LL,0,10.42,4.37,5.74,4.38,3,119.0978886756238,1024,float,sum,0.09,0.08,0,0
all_reduce_perf,1,8,2097152,TREE,LL,4,TREE,LL,0,12.4,8.05,5.73,8.04,3,104.35483870967744,1024,float,sum,0.09,0.08,0,0
all_reduce_perf,1,8,2097152,TREE,LL,8,TREE,LL,0,12.66,15.19,5.85,15.21,3,102.29067930489731,1024,float,sum,0.09,0.08,0,0
all_reduce_perf,1,8,2097152,TREE,LL,16,TREE,LL,0,13.94,27.42,6.13,27.36,3,51.07604017216644,1024,float,sum,0.09,0.08,0,0
all_reduce_perf,1,8,2097152,TREE,LL,24,TREE,LL,0,16.29,36.95,6.27,36.82,3,90.23941068139966,1024,float,sum,0.09,0.08,0,0
all_reduce_perf,1,8,2097152,TREE,LL,32,TREE,LL,0,15.85,45.05,6.66,44.89,3,25.804416403785503,1024,float,sum,0.09,0.08,0,0
all_reduce_perf,1,8,2097152,TREE,LL,40,TREE,LL,0,17.97,50.81,6.93,50.77,3,52.643294379521436,1024,float,sum,0.09,0.08,0,0
all_reduce_perf,1,8,2097152,TREE,LL,48,TREE,LL,0,12.66,55.73,6.94,55.96,3,31.04265402843602,1024,float,sum,0.09,0.08,0,0
all_reduce_perf,1,8,2097152,TREE,LL,56,TREE,LL,0,11.14,60.24,7.15,60.19,3,116.42728904847395,1024,float,sum,0.09,0.08,0,0
all_reduce_perf,1,8,4194304,RING,LL,1,RING,LL,0,17.04,2.82,5.92,2.79,3,76.46713615023474,1024,float,sum,0.09,0.08,0,0
all_reduce_perf,1,8,4194304,RING,LL,2,RING,LL,0,18.82,4.97,5.83,4.84,3,31.934112646121154,1024,float,sum,0.09,0.08,0,0
all_reduce_perf,1,8,4194304,RING,LL,4,RING,LL,0,17.84,9.35,6.02,9.28,3,41.928251121076244,1024,float,sum,0.09,0.08,0,0
all_reduce_perf,1,8,4194304,RING,LL,8,RING,LL,0,20.21,18.35,5.92,18.35,3,20.58386937159822,1024,float,sum,0.09,0.08,0,0
all_reduce_perf,1,8,4194304,RING,LL,16,RING,LL,0,15.54,35.64,6.14,35.55,3,89.8970398970399,1024,float,sum,0.09,0.08,0,0
all_reduce_perf,1,8,4194304,RING,LL,24,RING,LL,0,17.84,48.53,6.2,48.33,3,10.594170403587446,1024,float,sum,0.09,0.08,0,0
all_reduce_perf,1,8,4194304,RING,LL,32,RING,LL,0,16.41,66.21,6.38,66.37,3,37.35527117611214,1024,float,sum,0.09,0.08,0,0
all_reduce_perf,1,8,4194304,RING,LL,40,RING,LL,0,10.33,73.61,6.66,73.56,3,32.33301064859632,1024,float,sum,0.09,0.08,0,0
all_reduce_perf,1,8,4194304,RING,LL,48,RING,LL,0,12.54,82.58,6.59,82.34,3,66.90590111642744,1024,float,sum,0.09,0.08,0,0
all_reduce_perf,1,8,4194304,RING,LL,56,RING,LL,0,9.21,93.4,7.34,94.42,3,117.15526601520088,1024,float,sum,0.09,0.08,0,0
all_reduce_perf,1,8,4194304,RING,SIMPLE,1,RING,SIMPLE,0,18.78,12.49,6.21,11.96,3,69.27582534611288,1024,float,sum,0.09,0.08,0,0
all_reduce_perf,1,8,4194304,RING,SIMPLE,2,RING,SIMPLE,0,13.61,20.93,5.73,20.68,3,36.517266715650265,1024,float,sum,0.09,0.08,0,0
all_reduce_perf,1,8,4194304,RING,SIMPLE,4,RING,SIMPLE,0,15.87,35.37,5.86,35.02,3,35.34971644612476,1024,float,sum,0.09,0.08,0,0
all_reduce_perf,1,8,4194304,RING,SIMPLE,8,RING,SIMPLE,0,17.14,59.04,5.99,58.7,3,66.1610268378063,1024,float,sum,0.09,0.08,0,0
all_reduce_perf,1,8,4194304,RING,SIMPLE,16,RING,SIMPLE,0,12.33,90.19,6.12,88.86,3,41.44363341443634,1024,float,sum,0.09,0.08,0,0
all_reduce_perf,1,8,4194304,RING,SIMPLE,24,RING,SIMPLE,0,11.57,101.77,6.29,100.58,3,50.043215211754536,1024,float,sum,0.09,0.08,0,0
all_reduce_perf,1,8,4194304,RING,SIMPLE,32,RING,SIMPLE,0,15.96,117.19,6.3,116.38,3,31.704260651629074,1024,float,sum,0.09,0.08,0,0
all_reduce_perf,1,8,4194304,RING,SIMPLE,40,RING,SIMPLE,0,17.73,118.61,6.46,117.37,3,40.66553863508179,1024,float,sum,0.09,0.08,0,0
all_reduce_perf,1,8,4194304,RING,SIMPLE,48,RING,SIMPLE,0,19.79,117.16,6.58,116.35,3,66.85194542698333,1024,float,sum,0.09,0.08,0,0
all_reduce_perf,1,8,4194304,RING,SIMPLE,56,RING,SIMPLE,0,19.56,120.34,6.86,119.1,3,58.07770961145196,1024,float,sum,0.09,0.08,0,0
all_reduce_perf,1,8,4194304,RING,SIMPLE,56,,,0,21.34,119.63,6.71,119.26,3,16.07310215557638,1024,float,sum,0.09,0.08,0,0
all_reduce_perf,1,8,4194304,TREE,LL,1,TREE,LL,0,17.35,2.34,5.75,2.33,3,19.135446685878975,1024,float,sum,0.09,0.08,0,0
all_reduce_perf,1,8,4194304,TREE,LL,2,TREE,LL,0,19.5,4.46,5.82,4.43,3,46.153846153846146,1024,float,sum,0.09,0.08,0,0
all_reduce_perf,1,8,4194304,TREE,LL,4,TREE,LL,0,11.84,8.21,5.99,8.25,3,101.43581081081084,1024,float,sum,0.09,0.08,0,0
all_reduce_perf,1,8,4194304,TREE,LL,8,TREE,LL,0,19.86,15.97,6.01,16.02,3,10.725075528700902,1024,float,sum,0.09,0.08,0,0
all_reduce_perf,1,8,4194304,TREE,LL,16,TREE,LL,0,17.19,29.95,6.08,30.16,3,17.56835369400814,1024,float,sum,0.09,0.08,0,0
all_reduce_perf,1,8,4194304,TREE,LL,24,TREE,LL,0,13.15,42.03,6.33,42.4,3,101.06463878326997,1024,float,sum,0.09,0.08,0,0
all_reduce_perf,1,8,4194304,TREE,LL,32,TREE,LL,0,16.53,53.02,6.72,53.36,3,48.33635813672112,1024,float,sum,0.09,0.08,0,0
all_reduce_perf,1,8,4194304,TREE,LL,40,TREE,LL,0,16.94,61.44,6.96,62.17,3,16.646989374262102,1024,float,sum,0.09,0.08,0,0
all_reduce_perf,1,8,4194304,TREE,LL,48,TREE,LL,0,19.43,69.87,7.07,70.94,3,67.78178075141533,1024,float,sum,0.09,0.08,0,0
all_reduce_perf,1,8,4194304,TREE,LL,56,TREE,LL,0,19.56,77.31,6.78,78.47,3,72.44376278118611,1024,float,sum,0.09,0.08,0,0
all_reduce_perf,1,8,8388608,RING,LL,1,RING,LL,0,11.21,2.83,5.84,2.81,3,102.40856378233718,1024,float,sum,0.09,0.08,0,0
all_reduce_perf,1,8,8388608,RING,LL,2,RING,LL,0,20.5,4.95,5.87,4.85,3,17.902439024390233,1024,float,sum,0.09,0.08,0,0
all_reduce_perf,1,8,8388608,RING,LL,4,RING,LL,0,18.91,9.29,5.99,9.32,3,15.230037017451078,1024,float,sum,0.09,0.08,0,0
all_reduce_perf,1,8,8388608,RING,LL,8,RING,LL,0,21.35,18.24,5.88,18.42,3,24.777517564402803,1024,float,sum,0.09,0.08,0,0
all_reduce_perf,1,8,8388608,RING,LL,16,RING,LL,0,22.38,34.96,6.0,36.22,3,59.42806076854335,1024,float,sum,0.09,0.08,0,0
all_reduce_perf,1,8,8388608,RING,LL,24,RING,LL,0,18.55,49.42,6.14,51.26,3,29.00269541778977,1024,float,sum,0.09,0.08,0,0
all_reduce_perf,1,8,8388608,RING,LL,32,RING,LL,0,18.75,65.68,6.28,69.34,3,9.973333333333338,1024,float,sum,0.09,0.08,0,0
all_reduce_perf,1,8,8388608,RING,LL,40,RING,LL,0,11.82,80.12,6.49,81.59,3,51.01522842639593,1024,float,sum,0.09,0.08,0,0
all_reduce_perf,1,8,8388608,RING,LL,48,RING,LL,0,16.33,88.28,6.49,93.13,3,13.594611145131665,1024,float,sum,0.09,0.08,0,0
all_reduce_perf,1,8,8388608,RING,LL,56,RING,LL,0,13.91,94.71,7.11,99.93,3,81.02084831056793,1024,float,sum,0.09,0.08,0,0
all_reduce_perf,1,8,8388608,RING,SIMPLE,1,RING,SIMPLE,0,19.8,12.25,6.19,12.04,3,63.68686868686869,1024,float,sum,0.09,0.08,0,0
all_reduce_perf,1,8,8388608,RING,SIMPLE,2,RING,SIMPLE,0,19.92,21.82,5.77,22.17,3,7.42971887550201,1024,float,sum,0.09,0.08,0,0
all_reduce_perf,1,8,8388608,RING,SIMPLE,4,RING,SIMPLE,0,12.26,39.01,5.79,39.42,3,70.06525285481241,1024,float,sum,0.09,0.08,0,0
all_reduce_perf,1,8,8388608,RING,SIMPLE,8,RING,SIMPLE,0,17.32,66.78,6.03,69.36,3,25.0,1024,float,sum,0.09,0.08,0,0
all_reduce_perf,1,8,8388608,RING,SIMPLE,16,RING,SIMPLE,0,17.38,107.15,6.1,116.26,3,21.173762945914852,1024,float,sum,0.09,0.08,0,0
all_reduce_perf,1,8,8388608,RING,SIMPLE,24,RING,SIMPLE,0,19.96,124.78,6.16,138.16,3,7.6152304609218415,1024,float,sum,0.09,0.08,0,0
all_reduce_perf,1,8,8388608,RING,SIMPLE,32,RING,SIMPLE,0,20.68,146.81,6.33,166.0,3,20.06769825918763,1024,float,sum,0.09,0.08,0,0
all_reduce_perf,1,8,8388608,RING,SIMPLE,40,RING,SIMPLE,0,15.49,153.26,6.42,171.78,3,61.65267914783732,1024,float,sum,0.09,0.08,0,0
all_reduce_perf,1,8,8388608,RING,SIMPLE,48,RING,SIMPLE,0,9.51,166.23,6.61,183.88,3,123.13354363827548,1024,float,sum,0.09,0.08,0,0
all_reduce_perf,1,8,8388608,RING,SIMPLE,56,RING,SIMPLE,0,19.2,161.97,6.69,185.63,3,37.96874999999999,1024,float,sum,0.09,0.08,0,0
all_reduce_perf,1,8,8388608,RING,SIMPLE,56,,,0,18.67,164.83,6.73,184.4,3,48.527048741296205,1024,float,sum,0.09,0.08,0,0
all_reduce_perf,1,8,8388608,TREE,LL,1,TREE,LL,0,16.66,2.36,5.79,2.35,3,21.78871548619447,1024,float,sum,0.09,0.08,0,0
all_reduce_perf,1,8,8388608,TREE,LL,2,TREE,LL,0,20.3,4.49,5.79,4.46,3,53.44827586206896,1024,float,sum,0.09,0.08,0,0
all_reduce_perf,1,8,8388608,TREE,LL,4,TREE,LL,0,18.08,8.29,5.77,8.39,3,57.41150442477877,1024,float,sum,0.09,0.08,0,0
all_reduce_perf,1,8,8388608,TREE,LL,8,TREE,LL,0,15.28,16.06,5.86,16.44,3,42.86649214659686,1024,float,sum,0.09,0.08,0,0
all_reduce_perf,1,8,8388608,TREE,LL,16,TREE,LL,0,16.54,30.82,6.1,31.86,3,15.719467956469163,1024,float,sum,0.09,0.08,0,0
all_reduce_perf,1,8,8388608,TREE,LL,24,TREE,LL,0,16.12,44.41,6.34,45.84,3,63.83374689826302,1024,float,sum,0.09,0.08,0,0
all_reduce_perf,1,8,8388608,TREE,LL,32,TREE,LL,0,17.81,56.11,6.54,58.76,3,26.95115103874229,1024,float,sum,0.09,0.08,0,0
all_reduce_perf,1,8,8388608,TREE,LL,40,TREE,LL,0,14.39,67.87,7.23,70.6,3,43.50243224461431,1024,float,sum,0.09,0.08,0,0
all_reduce_perf,1,8,8388608,TREE,LL,48,TREE,LL,0,18.94,76.29,7.06,81.62,3,59.97888067581837,1024,float,sum,0.09,0.08,0,0
all_reduce_perf,1,8,8388608,TREE,LL,56,TREE,LL,0,25.05,81.47,6.58,91.38,3,25.4690618762475,1024,float,sum,0.09,0.08,0,0
all_reduce_perf,1,8,16777216,RING,LL,1,RING,LL,0,5.78,2.85,5.72,2.83,3,2.768166089965385,1024,float,sum,0.09,0.08,0,0
all_reduce_perf,1,8,16777216,RING,LL,2,RING,LL,0,5.78,4.96,5.77,4.83,3,5.190311418685118,1024,float,sum,0.09,0.08,0,0
all_reduce_perf,1,8,16777216,RING,LL,4,RING,LL,0,5.83,9.37,5.79,9.26,3,8.404802744425389,1024,float,sum,0.09,0.08,0,0
all_reduce_perf,1,8,16777216,RING,LL,8,RING,LL,0,5.9,18.64,5.78,18.54,3,1.5254237288135568,1024,float,sum,0.09,0.08,0,0
all_reduce_perf,1,8,16777216,RING,LL,16,RING,LL,0,5.97,36.89,6.18,36.53,3,27.470686767169187,1024,float,sum,0.09,0.08,0,0
all_reduce_perf,1,8,16777216,RING,LL,24,RING,LL,0,6.14,53.5,6.13,52.89,3,0.977198697068412,1024,float,sum,0.09,0.08,0,0
all_reduce_perf,1,8,16777216,RING,LL,32,RING,LL,0,6.43,71.56,6.25,70.68,3,8.553654743390355,1024,float,sum,0.09,0.08,0,0
all_reduce_perf,1,8,16777216,RING,LL,40,RING,LL,0,6.43,85.32,6.39,83.22,3,5.132192846034216,1024,float,sum,0.09,0.08,0,0
all_reduce_perf,1,8,16777216,RING,LL,48,RING,LL,0,6.51,99.99,6.58,98.47,3,1.3824884792626706,1024,float,sum,0.09,0.08,0,0
all_reduce_perf,1,8,16777216,RING,LL,56,RING,LL,0,6.66,111.9,6.75,110.03,3,9.15915915915915,1024,float,sum,0.09,0.08,0,0
all_reduce_perf,1,8,16777216,RING,SIMPLE,1,RING,SIMPLE,0,6.29,12.36,6.24,12.17,3,10.651828298887121,1024,float,sum,0.09,0.08,0,0
all_reduce_perf,1,8,16777216,RING,SIMPLE,2,RING,SIMPLE,0,5.62,22.41,5.65,22.34,3,14.590747330960843,1024,float,sum,0.09,0.08,0,0
all_reduce_perf,1,8,16777216,RING,SIMPLE,4,RING,SIMPLE,0,5.66,43.0,5.7,42.03,3,11.130742049469978,1024,float,sum,0.09,0.08,0,0
all_reduce_perf,1,8,16777216,RING,SIMPLE,8,RING,SIMPLE,0,5.91,79.23,5.8,77.91,3,5.414551607445013,1024,float,sum,0.09,0.08,0,0
all_reduce_perf,1,8,16777216,RING,SIMPLE,16,RING,SIMPLE,0,5.99,140.9,5.94,138.14,3,1.335559265442405,1024,float,sum,0.09,0.08,0,0
all_reduce_perf,1,8,16777216,RING,SIMPLE,24,RING,SIMPLE,0,6.03,183.39,6.16,179.38,3,4.477611940298515,1024,float,sum,0.09,0.08,0,0
all_reduce_perf,1,8,16777216,RING,SIMPLE,32,RING,SIMPLE,0,6.33,217.19,6.44,211.9,3,19.115323854660346,1024,float,sum,0.09,0.08,0,0
all_reduce_perf,1,8,16777216,RING,SIMPLE,40,RING,SIMPLE,0,6.26,239.78,6.29,235.57,3,10.38338658146964,1024,float,sum,0.09,0.08,0,0
all_reduce_perf,1,8,16777216,RING,SIMPLE,48,RING,SIMPLE,0,6.49,244.27,6.42,239.77,3,10.323574730354391,1024,float,sum,0.09,0.08,0,0
all_reduce_perf,1,8,16777216,RING,SIMPLE,56,RING,SIMPLE,0,6.63,263.04,6.8,258.72,3,11.4630467571644,1024,float,sum,0.09,0.08,0,0
all_reduce_perf,1,8,16777216,RING,SIMPLE,56,,,0,6.67,262.74,6.75,258.38,3,19.640179910044985,1024,float,sum,0.09,0.08,0,0
all_reduce_perf,1,8,16777216,TREE,LL,1,TREE,LL,0,5.67,2.39,5.76,2.36,3,16.225749559082892,1024,float,sum,0.09,0.08,0,0
all_reduce_perf,1,8,16777216,TREE,LL,2,TREE,LL,0,5.85,4.54,5.75,4.47,3,2.2222222222222205,1024,float,sum,0.09,0.08,0,0
all_reduce_perf,1,8,16777216,TREE,LL,4,TREE,LL,0,5.82,8.35,5.86,8.45,3,1.8900343642611586,1024,float,sum,0.09,0.08,0,0
all_reduce_perf,1,8,16777216,TREE,LL,8,TREE,LL,0,5.91,16.5,5.79,16.68,3,12.690355329949238,1024,float,sum,0.09,0.08,0,0
all_reduce_perf,1,8,16777216,TREE,LL,16,TREE,LL,0,6.1,32.51,6.1,32.76,3,3.4426229508196715,1024,float,sum,0.09,0.08,0,0
all_reduce_perf,1,8,16777216,TREE,LL,24,TREE,LL,0,6.2,47.71,6.32,47.75,3,15.322580645161294,1024,float,sum,0.09,0.08,0,0
all_reduce_perf,1,8,16777216,TREE,LL,32,TREE,LL,0,6.47,61.84,6.69,62.18,3,3.4003091190108288,1024,float,sum,0.09,0.08,0,0
all_reduce_perf,1,8,16777216,TREE,LL,40,TREE,LL,0,6.84,75.08,6.86,75.42,3,11.549707602339183,1024,float,sum,0.09,0.08,0,0
all_reduce_perf,1,8,16777216,TREE,LL,48,TREE,LL,0,6.89,87.92,6.97,88.39,3,3.6284470246734397,1024,float,sum,0.09,0.08,0,0
all_reduce_perf,1,8,16777216,TREE,LL,56,TREE,LL,0,6.43,99.69,6.53,100.25,3,9.9533437013997,1024,float,sum,0.09,0.08,0,0
all_reduce_perf,1,8,33554432,RING,LL,1,RING,LL,0,5.9,2.86,11.48,2.83,3,3.8983050847457545,1024,float,sum,0.09,0.08,0,0
all_reduce_perf,1,8,33554432,RING,LL,2,RING,LL,0,5.98,4.95,17.8,4.84,3,2.6755852842809387,1024,float,sum,0.09,0.08,0,0
all_reduce_perf,1,8,33554432,RING,LL,4,RING,LL,0,6.06,9.29,9.95,9.17,3,11.881188118811894,1024,float,sum,0.09,0.08,0,0
all_reduce_perf,1,8,33554432,RING,LL,8,RING,LL,0,6.1,18.73,17.53,18.41,3,3.2786885245901525,1024,float,sum,0.09,0.08,0,0
all_reduce_perf,1,8,33554432,RING,LL,16,RING,LL,0,6.15,36.83,12.1,36.48,3,42.11382113821138,1024,float,sum,0.09,0.08,0,0
all_reduce_perf,1,8,33554432,RING,LL,24,RING,LL,0,6.25,54.25,11.21,53.36,3,2.8799999999999955,1024,float,sum,0.09,0.08,0,0
all_reduce_perf,1,8,33554432,RING,LL,32,RING,LL,0,6.38,72.0,15.89,70.69,3,9.561128526645774,1024,float,sum,0.09,0.08,0,0
all_reduce_perf,1,8,33554432,RING,LL,40,RING,LL,0,6.51,86.84,15.41,85.6,3,4.1474654377880125,1024,float,sum,0.09,0.08,0,0
all_reduce_perf,1,8,33554432,RING,LL,48,RING,LL,0,6.58,102.77,14.02,101.62,3,1.2158054711246211,1024,float,sum,0.09,0.08,0,0
all_reduce_perf,1,8,33554432,RING,LL,56,RING,LL,0,7.44,117.97,11.51,115.66,3,9.81182795698924,1024,float,sum,0.09,0.08,0,0
all_reduce_perf,1,8,33554432,RING,SIMPLE,1,RING,SIMPLE,0,6.32,12.35,18.74,12.22,3,8.70253164556963,1024,float,sum,0.09,0.08,0,0
all_reduce_perf,1,8,33554432,RING,SIMPLE,2,RING,SIMPLE,0,5.75,22.51,17.52,22.51,3,11.82608695652175,1024,float,sum,0.09,0.08,0,0
all_reduce_perf,1,8,33554432,RING,SIMPLE,4,RING,SIMPLE,0,5.83,43.1,17.35,42.63,3,34.64837049742711,1024,float,sum,0.09,0.08,0,0
all_reduce_perf,1,8,33554432,RING,SIMPLE,8,RING,SIMPLE,0,5.9,84.77,18.19,84.0,3,5.254237288135601,1024,float,sum,0.09,0.08,0,0
all_reduce_perf,1,8,33554432,RING,SIMPLE,16,RING,SIMPLE,0,6.04,158.84,19.42,156.07,3,3.3112582781456985,1024,float,sum,0.09,0.08,0,0
all_reduce_perf,1,8,33554432,RING,SIMPLE,24,RING,SIMPLE,0,6.21,212.81,19.43,209.08,3,1.6103059581320394,1024,float,sum,0.09,0.08,0,0
all_reduce_perf,1,8,33554432,RING,SIMPLE,32,RING,SIMPLE,0,6.34,251.35,19.65,248.5,3,1.7350157728706677,1024,float,sum,0.09,0.08,0,0
all_reduce_perf,1,8,33554432,RING,SIMPLE,40,RING,SIMPLE,0,6.32,295.1,13.92,290.67,3,11.55063291139241,1024,float,sum,0.09,0.08,0,0
all_reduce_perf,1,8,33554432,RING,SIMPLE,48,RING,SIMPLE,0,6.57,295.13,13.96,292.05,3,9.284627092846275,1024,float,sum,0.09,0.08,0,0
all_reduce_perf,1,8,33554432,RING,SIMPLE,56,RING,SIMPLE,0,6.73,315.02,14.87,312.36,3,9.509658246656755,1024,float,sum,0.09,0.08,0,0
all_reduce_perf,1,8,33554432,RING,SIMPLE,56,,,0,6.67,315.0,17.57,311.5,3,3.8980509745127407,1024,float,sum,0.09,0.08,0,0
all_reduce_perf,1,8,33554432,TREE,LL,1,TREE,LL,0,5.72,2.4,18.23,2.39,3,11.888111888111899,1024,float,sum,0.09,0.08,0,0
all_reduce_perf,1,8,33554432,TREE,LL,2,TREE,LL,0,5.87,4.57,21.05,4.52,3,2.896081771720612,1024,float,sum,0.09,0.08,0,0
all_reduce_perf,1,8,33554432,TREE,LL,4,TREE,LL,0,6.01,8.52,18.77,8.58,3,5.490848585690517,1024,float,sum,0.09,0.08,0,0
all_reduce_perf,1,8,33554432,TREE,LL,8,TREE,LL,0,5.93,16.51,15.95,16.8,3,13.322091062394605,1024,float,sum,0.09,0.08,0,0
all_reduce_perf,1,8,33554432,TREE,LL,16,TREE,LL,0,6.49,32.9,11.65,32.76,3,8.78274268104777,1024,float,sum,0.09,0.08,0,0
all_reduce_perf,1,8,33554432,TREE,LL,24,TREE,LL,0,6.29,48.35,18.47,48.49,3,13.195548489666137,1024,float,sum,0.09,0.08,0,0
all_reduce_perf,1,8,33554432,TREE,LL,32,TREE,LL,0,6.57,63.3,15.35,63.16,3,3.3485540334855366,1024,float,sum,0.09,0.08,0,0
all_reduce_perf,1,8,33554432,TREE,LL,40,TREE,LL,0,7.07,77.48,12.34,77.85,3,14.427157001414434,1024,float,sum,0.09,0.08,0,0
all_reduce_perf,1,8,33554432,TREE,LL,48,TREE,LL,0,7.0,91.21,19.94,91.59,3,2.571428571428567,1024,float,sum,0.09,0.08,0,0
all_reduce_perf,1,8,33554432,TREE,LL,56,TREE,LL,0,7.21,104.2,16.52,104.43,3,12.066574202496534,1024,float,sum,0.09,0.08,0,0
all_reduce_perf,1,8,67108864,RING,LL,1,RING,LL,0,5.96,2.54,17.4,2.54,3,2.0134228187919483,1024,float,sum,0.09,0.08,0,0
all_reduce_perf,1,8,67108864,RING,LL,2,RING,LL,0,6.09,5.05,20.16,5.02,3,4.5977011494252915,1024,float,sum,0.09,0.08,0,0
all_reduce_perf,1,8,67108864,RING,LL,4,RING,LL,0,6.3,10.11,18.38,10.13,3,5.873015873015875,1024,float,sum,0.09,0.08,0,0
all_reduce_perf,1,8,67108864,RING,LL,8,RING,LL,0,6.33,20.27,22.44,20.15,3,4.423380726698266,1024,float,sum,0.09,0.08,0,0
all_reduce_perf,1,8,67108864,RING,LL,16,RING,LL,0,7.08,39.05,17.88,39.03,3,25.564971751412436,1024,float,sum,0.09,0.08,0,0
all_reduce_perf,1,8,67108864,RING,LL,24,RING,LL,0,7.48,57.98,20.7,57.51,3,1.7379679144385012,1024,float,sum,0.09,0.08,0,0
all_reduce_perf,1,8,67108864,RING,LL,32,RING,LL,0,8.11,77.13,17.02,77.07,3,10.604192355117144,1024,float,sum,0.09,0.08,0,0
all_reduce_perf,1,8,67108864,RING,LL,40,RING,LL,0,8.7,93.8,20.18,94.24,3,2.1839080459770264,1024,float,sum,0.09,0.08,0,0
all_reduce_perf,1,8,67108864,RING,LL,48,RING,LL,0,9.12,112.94,16.71,112.31,3,3.7280701754385954,1024,float,sum,0.09,0.08,0,0
all_reduce_perf,1,8,67108864,RING,LL,56,RING,LL,0,9.78,128.73,22.98,128.14,3,4.8057259713701495,1024,float,sum,0.09,0.08,0,0
all_reduce_perf,1,8,67108864,RING,SIMPLE,1,RING,SIMPLE,0,6.57,11.82,14.67,11.81,3,4.414003044140031,1024,float,sum,0.09,0.08,0,0
all_reduce_perf,1,8,67108864,RING,SIMPLE,2,RING,SIMPLE,0,5.86,23.65,14.24,23.58,3,12.969283276450508,1024,float,sum,0.09,0.08,0,0
all_reduce_perf,1,8,67108864,RING,SIMPLE,4,RING,SIMPLE,0,6.1,46.68,11.63,46.49,3,29.836065573770497,1024,float,sum,0.09,0.08,0,0
all_reduce_perf,1,8,67108864,RING,SIMPLE,8,RING,SIMPLE,0,6.35,90.21,10.85,89.9,3,4.5669291338582685,1024,float,sum,0.09,0.08,0,0
all_reduce_perf,1,8,67108864,RING,SIMPLE,16,RING,SIMPLE,0,6.85,169.83,17.58,168.57,3,1.459854014598535,1024,float,sum,0.09,0.08,0,0
all_reduce_perf,1,8,67108864,RING,SIMPLE,24,RING,SIMPLE,0,7.48,236.88,21.01,236.75,3,2.4064171122994615,1024,float,sum,0.09,0.08,0,0
all_reduce_perf,1,8,67108864,RING,SIMPLE,32,RING,SIMPLE,0,7.96,294.27,19.88,292.99,3,1.758793969849242,1024,float,sum,0.09,0.08,0,0
all_reduce_perf,1,8,67108864,RING,SIMPLE,40,RING,SIMPLE,0,8.45,329.6,22.71,328.28,3,15.147928994082834,1024,float,sum,0.09,0.08,0,0
all_reduce_perf,1,8,67108864,RING,SIMPLE,48,RING,SIMPLE,0,9.04,343.02,14.75,340.76,3,15.597345132743365,1024,float,sum,0.09,0.08,0,0
all_reduce_perf,1,8,67108864,RING,SIMPLE,56,RING,SIMPLE,0,9.59,351.86,21.59,351.32,3,8.654848800834202,1024,float,sum,0.09,0.08,0,0
all_reduce_perf,1,8,67108864,RING,SIMPLE,56,,,0,9.71,351.55,23.64,350.65,3,2.0597322348094855,1024,float,sum,0.09,0.08,0,0
all_reduce_perf,1,8,67108864,TREE,LL,1,TREE,LL,0,5.89,2.41,14.77,2.39,3,15.789473684210522,1024,float,sum,0.09,0.08,0,0
all_reduce_perf,1,8,67108864,TREE,LL,2,TREE,LL,0,5.99,4.6,18.87,4.52,3,5.175292153589309,1024,float,sum,0.09,0.08,0,0
all_reduce_perf,1,8,67108864,TREE,LL,4,TREE,LL,0,5.99,8.59,18.18,8.65,3,4.841402337228715,1024,float,sum,0.09,0.08,0,0
all_reduce_perf,1,8,67108864,TREE,LL,8,TREE,LL,0,5.94,16.55,15.73,16.71,3,13.131313131313135,1024,float,sum,0.09,0.08,0,0
all_reduce_perf,1,8,67108864,TREE,LL,16,TREE,LL,0,6.21,33.14,19.23,32.91,3,11.111111111111118,1024,float,sum,0.09,0.08,0,0
all_reduce_perf,1,8,67108864,TREE,LL,24,TREE,LL,0,6.48,48.79,21.14,48.66,3,71.75925925925924,1024,float,sum,0.09,0.08,0,0
all_reduce_perf,1,8,67108864,TREE,LL,32,TREE,LL,0,6.73,63.68,14.57,63.72,3,1.9316493313521528,1024,float,sum,0.09,0.08,0,0
all_reduce_perf,1,8,67108864,TREE,LL,40,TREE,LL,0,7.03,78.76,18.24,78.34,3,7.681365576102419,1024,float,sum,0.09,0.08,0,0
all_reduce_perf,1,8,67108864,TREE,LL,48,TREE,LL,0,7.12,92.98,19.66,92.91,3,0.9831460674157343,1024,float,sum,0.09,0.08,0,0
all_reduce_perf,1,8,67108864,TREE,LL,56,TREE,LL,0,6.52,106.03,19.22,106.13,3,12.576687116564422,1024,float,sum,0.09,0.08,0,0
all_reduce_perf,1,8,134217728,RING,LL,1,RING,LL,0,18.2,2.54,5.98,2.54,3,51.42857142857142,1024,float,sum,0.09,0.08,0,0
all_reduce_perf,1,8,134217728,RING,LL,2,RING,LL,0,18.71,5.05,5.96,4.96,3,62.800641368252265,1024,float,sum,0.09,0.08,0,0
all_reduce_perf,1,8,134217728,RING,LL,4,RING,LL,0,19.98,10.03,6.17,10.06,3,12.662662662662669,1024,float,sum,0.09,0.08,0,0
all_reduce_perf,1,8,134217728,RING,LL,8,RING,LL,0,15.48,20.12,6.16,20.01,3,90.69767441860466,1024,float,sum,0.09,0.08,0,0
all_reduce_perf,1,8,134217728,RING,LL,16,RING,LL,0,16.65,38.48,6.67,38.48,3,30.270270270270267,1024,float,sum,0.09,0.08,0,0
all_reduce_perf,1,8,134217728,RING,LL,24,RING,LL,0,18.72,57.63,7.25,57.3,3,17.147435897435884,1024,float,sum,0.09,0.08,0,0
all_reduce_perf,1,8,134217728,RING,LL,32,RING,LL,0,16.59,76.59,7.81,76.5,3,30.319469559975886,1024,float,sum,0.09,0.08,0,0
all_reduce_perf,1,8,134217728,RING,LL,40,RING,LL,0,21.23,94.42,8.49,94.8,3,42.816768723504474,1024,float,sum,0.09,0.08,0,0
all_reduce_perf,1,8,134217728,RING,LL,48,RING,LL,0,16.28,113.11,8.84,112.8,3,44.840294840294845,1024,float,sum,0.09,0.08,0,0
all_reduce_perf,1,8,134217728,RING,LL,56,RING,LL,0,14.96,130.45,9.72,129.45,3,50.86898395721925,1024,float,sum,0.09,0.08,0,0
all_reduce_perf,1,8,134217728,RING,SIMPLE,1,RING,SIMPLE,0,19.94,11.76,6.12,11.74,3,41.07321965897693,1024,float,sum,0.09,0.08,0,0
all_reduce_perf,1,8,134217728,RING,SIMPLE,2,RING,SIMPLE,0,10.43,23.54,5.69,23.53,3,124.54458293384467,1024,float,sum,0.09,0.08,0,0
all_reduce_perf,1,8,134217728,RING,SIMPLE,4,RING,SIMPLE,0,7.16,46.38,5.98,46.4,3,68.43575418994415,1024,float,sum,0.09,0.08,0,0
all_reduce_perf,1,8,134217728,RING,SIMPLE,8,RING,SIMPLE,0,7.82,92.41,6.18,92.52,3,91.68797953964194,1024,float,sum,0.09,0.08,0,0
all_reduce_perf,1,8,134217728,RING,SIMPLE,16,RING,SIMPLE,0,11.32,176.5,6.74,176.19,3,109.89399293286219,1024,float,sum,0.09,0.08,0,0
all_reduce_perf,1,8,134217728,RING,SIMPLE,24,RING,SIMPLE,0,11.79,250.41,7.32,250.24,3,19.76251060220526,1024,float,sum,0.09,0.08,0,0
all_reduce_perf,1,8,134217728,RING,SIMPLE,32,RING,SIMPLE,0,16.81,315.16,7.8,315.03,3,77.87031528851875,1024,float,sum,0.09,0.08,0,0
all_reduce_perf,1,8,134217728,RING,SIMPLE,40,RING,SIMPLE,0,18.38,352.24,8.44,351.41,3,18.66158868335148,1024,float,sum,0.09,0.08,0,0
all_reduce_perf,1,8,134217728,RING,SIMPLE,48,RING,SIMPLE,0,10.26,369.12,8.83,369.11,3,12.57309941520469,1024,float,sum,0.09,0.08,0,0
all_reduce_perf,1,8,134217728,RING,SIMPLE,56,RING,SIMPLE,0,19.12,377.84,9.44,377.65,3,69.50836820083681,1024,float,sum,0.09,0.08,0,0
all_reduce_perf,1,8,134217728,RING,SIMPLE,56,,,0,13.25,377.1,9.48,376.7,3,45.96226415094341,1024,float,sum,0.09,0.08,0,0
all_reduce_perf,1,8,134217728,TREE,LL,1,TREE,LL,0,16.46,2.41,6.04,2.4,3,16.160388821385176,1024,float,sum,0.09,0.08,0,0
all_reduce_perf,1,8,134217728,TREE,LL,2,TREE,LL,0,18.43,4.62,5.88,4.55,3,89.09386869234945,1024,float,sum,0.09,0.08,0,0
all_reduce_perf,1,8,134217728,TREE,LL,4,TREE,LL,0,18.88,8.57,5.88,8.7,3,62.07627118644068,1024,float,sum,0.09,0.08,0,0
all_reduce_perf,1,8,134217728,TREE,LL,8,TREE,LL,0,17.24,16.66,5.94,16.72,3,74.47795823665894,1024,float,sum,0.09,0.08,0,0
all_reduce_perf,1,8,134217728,TREE,LL,16,TREE,LL,0,11.62,33.16,6.14,32.88,3,60.8433734939759,1024,float,sum,0.09,0.08,0,0
all_reduce_perf,1,8,134217728,TREE,LL,24,TREE,LL,0,14.91,48.9,6.16,48.77,3,37.82696177062375,1024,float,sum,0.09,0.08,0,0
all_reduce_perf,1,8,134217728,TREE,LL,32,TREE,LL,0,13.64,64.18,6.5,63.93,3,49.266862170087975,1024,float,sum,0.09,0.08,0,0
all_reduce_perf,1,8,134217728,TREE,LL,40,TREE,LL,0,20.04,79.29,6.83,79.21,3,57.58483033932137,1024,float,sum,0.09,0.08,0,0
all_reduce_perf,1,8,134217728,TREE,LL,48,TREE,LL,0,10.72,94.01,6.9,94.05,3,15.951492537313422,1024,float,sum,0.09,0.08,0,0
all_reduce_perf,1,8,134217728,TREE,LL,56,TREE,LL,0,7.55,107.6,6.34,107.69,3,190.9933774834437,1024,float,sum,0.09,0.08,0,0
all_reduce_perf,1,8,268435456,RING,LL,1,RING,LL,0,25.61,2.54,6.31,2.53,3,12.963686060132762,1024,float,sum,0.09,0.08,0,0
all_reduce_perf,1,8,268435456,RING,LL,2,RING,LL,0,20.91,4.98,6.15,4.96,3,11.334289813486357,1024,float,sum,0.09,0.08,0,0
all_reduce_perf,1,8,268435456,RING,LL,4,RING,LL,0,19.91,10.05,6.36,10.05,3,19.789050728277253,1024,float,sum,0.09,0.08,0,0
all_reduce_perf,1,8,268435456,RING,LL,8,RING,LL,0,23.27,20.0,6.41,19.84,3,33.003867640739145,1024,float,sum,0.09,0.08,0,0
all_reduce_perf,1,8,268435456,RING,LL,16,RING,LL,0,18.46,38.16,6.94,38.31,3,30.769230769230766,1024,float,sum,0.09,0.08,0,0
all_reduce_perf,1,8,268435456,RING,LL,24,RING,LL,0,21.35,57.52,7.68,57.15,3,17.470725995316144,1024,float,sum,0.09,0.08,0,0
all_reduce_perf,1,8,268435456,RING,LL,32,RING,LL,0,18.77,76.21,8.06,76.3,3,15.876398508257841,1024,float,sum,0.09,0.08,0,0
all_reduce_perf,1,8,268435456,RING,LL,40,RING,LL,0,19.89,94.23,8.66,94.19,3,41.37757667169432,1024,float,sum,0.09,0.08,0,0
all_reduce_perf,1,8,268435456,RING,LL,48,RING,LL,0,19.69,113.0,8.96,112.34,3,65.15997968511934,1024,float,sum,0.09,0.08,0,0
all_reduce_perf,1,8,268435456,RING,LL,56,RING,LL,0,14.55,129.78,9.76,129.49,3,47.49140893470791,1024,float,sum,0.09,0.08,0,0
all_reduce_perf,1,8,268435456,RING,SIMPLE,1,RING,SIMPLE,0,21.72,11.76,6.33,11.7,3,18.324125230202583,1024,float,sum,0.09,0.08,0,0
all_reduce_perf,1,8,268435456,RING,SIMPLE,2,RING,SIMPLE,0,10.98,23.44,5.88,23.42,3,68.48816029143897,1024,float,sum,0.09,0.08,0,0
all_reduce_perf,1,8,268435456,RING,SIMPLE,4,RING,SIMPLE,0,18.11,46.23,6.15,46.29,3,23.302043070127006,1024,float,sum,0.09,0.08,0,0
all_reduce_perf,1,8,268435456,RING,SIMPLE,8,RING,SIMPLE,0,16.77,91.96,6.37,91.98,3,27.25104353011329,1024,float,sum,0.09,0.08,0,0
all_reduce_perf,1,8,268435456,RING,SIMPLE,16,RING,SIMPLE,0,17.81,180.17,6.75,180.26,3,52.891633913531734,1024,float,sum,0.09,0.08,0,0
all_reduce_perf,1,8,268435456,RING,SIMPLE,24,RING,SIMPLE,0,16.95,258.78,7.49,258.89,3,62.772861356932175,1024,float,sum,0.09,0.08,0,0
all_reduce_perf,1,8,268435456,RING,SIMPLE,32,RING,SIMPLE,0,21.5,325.78,8.03,325.31,3,6.790697674418608,1024,float,sum,0.09,0.08,0,0
all_reduce_perf,1,8,268435456,RING,SIMPLE,40,RING,SIMPLE,0,20.93,365.8,8.51,365.39,3,24.844720496894425,1024,float,sum,0.09,0.08,0,0
all_reduce_perf,1,8,268435456,RING,SIMPLE,48,RING,SIMPLE,0,19.54,379.88,9.05,379.99,3,11.514841351074718,1024,float,sum,0.09,0.08,0,0
all_reduce_perf,1,8,268435456,RING,SIMPLE,56,RING,SIMPLE,0,20.85,388.63,9.58,388.61,3,46.139088729016784,1024,float,sum,0.09,0.08,0,0
all_reduce_perf,1,8,268435456,RING,SIMPLE,56,,,0,25.08,389.91,9.69,388.63,3,47.84688995215312,1024,float,sum,0.09,0.08,0,0
all_reduce_perf,1,8,268435456,TREE,LL,1,TREE,LL,0,22.08,2.43,6.32,2.41,3,10.099637681159424,1024,float,sum,0.09,0.08,0,0
all_reduce_perf,1,8,268435456,TREE,LL,2,TREE,LL,0,22.47,4.61,6.13,4.57,3,20.338228749443704,1024,float,sum,0.09,0.08,0,0
all_reduce_perf,1,8,268435456,TREE,LL,4,TREE,LL,0,20.43,8.68,6.22,8.73,3,64.56191874694078,1024,float,sum,0.09,0.08,0,0
all_reduce_perf,1,8,268435456,TREE,LL,8,TREE,LL,0,20.66,16.8,6.04,16.72,3,6.679574056147139,1024,float,sum,0.09,0.08,0,0
all_reduce_perf,1,8,268435456,TREE,LL,16,TREE,LL,0,12.87,33.22,6.27,33.01,3,66.12276612276614,1024,float,sum,0.09,0.08,0,0
all_reduce_perf,1,8,268435456,TREE,LL,24,TREE,LL,0,20.85,49.07,6.41,48.95,3,67.38609112709833,1024,float,sum,0.09,0.08,0,0
all_reduce_perf,1,8,268435456,TREE,LL,32,TREE,LL,0,10.41,64.24,6.67,64.2,3,108.35734870317002,1024,float,sum,0.09,0.08,0,0
all_reduce_perf,1,8,268435456,TREE,LL,40,TREE,LL,0,15.75,79.61,7.04,79.41,3,54.158730158730165,1024,float,sum,0.09,0.08,0,0
all_reduce_perf,1,8,268435456,TREE,LL,48,TREE,LL,0,20.31,94.77,7.13,94.36,3,29.148202855736084,1024,float,sum,0.09,0.08,0,0
all_reduce_perf,1,8,268435456,TREE,LL,56,TREE,LL,0,20.35,108.14,6.57,108.27,3,24.864864864864874,1024,float,sum,0.09,0.08,0,0
all_reduce_perf,1,8,536870912,RING,LL,1,RING,LL,0,22.62,2.55,6.86,2.54,3,17.285587975243146,1024,float,sum,0.09,0.08,0,0
all_reduce_perf,1,8,536870912,RING,LL,2,RING,LL,0,22.96,4.95,6.41,4.97,3,17.073170731707307,1024,float,sum,0.09,0.08,0,0
all_reduce_perf,1,8,536870912,RING,LL,4,RING,LL,0,18.52,10.0,6.7,10.07,3,54.967602591792655,1024,float,sum,0.09,0.08,0,0
all_reduce_perf,1,8,536870912,RING,LL,8,RING,LL,0,20.78,19.91,6.6,19.85,3,5.678537054860441,1024,float,sum,0.09,0.08,0,0
all_reduce_perf,1,8,536870912,RING,LL,16,RING,LL,0,21.96,37.83,6.98,37.75,3,9.47176684881602,1024,float,sum,0.09,0.08,0,0
all_reduce_perf,1,8,536870912,RING,LL,24,RING,LL,0,20.92,56.92,7.73,56.85,3,32.12237093690249,1024,float,sum,0.09,0.08,0,0
all_reduce_perf,1,8,536870912,RING,LL,32,RING,LL,0,18.69,75.49,8.13,75.78,3,4.761904761904746,1024,float,sum,0.09,0.08,0,0
all_reduce_perf,1,8,536870912,RING,LL,40,RING,LL,0,22.43,93.81,8.74,94.09,3,1.426660722246992,1024,float,sum,0.09,0.08,0,0
all_reduce_perf,1,8,536870912,RING,LL,48,RING,LL,0,22.41,112.54,9.2,112.42,3,1.0709504685408389,1024,float,sum,0.09,0.08,0,0
all_reduce_perf,1,8,536870912,RING,LL,56,RING,LL,0,14.85,129.07,9.83,129.15,3,75.2861952861953,1024,float,sum,0.09,0.08,0,0
all_reduce_perf,1,8,536870912,RING,SIMPLE,1,RING,SIMPLE,0,21.06,11.81,6.63,11.81,3,13.295346628679965,1024,float,sum,0.09,0.08,0,0
all_reduce_perf,1,8,536870912,RING,SIMPLE,2,RING,SIMPLE,0,19.28,23.41,6.03,23.42,3,13.744813278008309,1024,float,sum,0.09,0.08,0,0
all_reduce_perf,1,8,536870912,RING,SIMPLE,4,RING,SIMPLE,0,21.64,46.09,6.26,46.04,3,12.33826247689463,1024,float,sum,0.09,0.08,0,0
all_reduce_perf,1,8,536870912,RING,SIMPLE,8,RING,SIMPLE,0,15.29,91.69,6.39,91.89,3,43.2962720732505,1024,float,sum,0.09,0.08,0,0
all_reduce_perf,1,8,536870912,RING,SIMPLE,16,RING,SIMPLE,0,22.62,179.56,6.9,179.71,3,6.8081343943413035,1024,float,sum,0.09,0.08,0,0
all_reduce_perf,1,8,536870912,RING,SIMPLE,24,RING,SIMPLE,0,21.9,259.23,7.48,260.55,3,47.57990867579909,1024,float,sum,0.09,0.08,0,0
all_reduce_perf,1,8,536870912,RING,SIMPLE,32,RING,SIMPLE,0,19.57,330.03,8.08,332.27,3,31.221257026060297,1024,float,sum,0.09,0.08,0,0
all_reduce_perf,1,8,536870912,RING,SIMPLE,40,RING,SIMPLE,0,24.02,369.98,8.42,372.78,3,42.58950874271441,1024,float,sum,0.09,0.08,0,0
all_reduce_perf,1,8,536870912,RING,SIMPLE,48,RING,SIMPLE,0,20.71,383.58,9.12,384.93,3,11.298889425398357,1024,float,sum,0.09,0.08,0,0
all_reduce_perf,1,8,536870912,RING,SIMPLE,56,RING,SIMPLE,0,22.52,393.76,9.71,395.3,3,51.99822380106573,1024,float,sum,0.09,0.08,0,0
all_reduce_perf,1,8,536870912,RING,SIMPLE,56,,,0,14.18,394.47,9.66,396.26,3,44.85190409026799,1024,float,sum,0.09,0.08,0,0
all_reduce_perf,1,8,536870912,TREE,LL,1,TREE,LL,0,21.76,2.43,6.47,2.42,3,16.45220588235295,1024,float,sum,0.09,0.08,0,0
all_reduce_perf,1,8,536870912,TREE,LL,2,TREE,LL,0,23.96,4.6,7.13,4.55,3,14.065108514190323,1024,float,sum,0.09,0.08,0,0
all_reduce_perf,1,8,536870912,TREE,LL,4,TREE,LL,0,19.34,8.74,6.2,8.78,3,26.732161323681492,1024,float,sum,0.09,0.08,0,0
all_reduce_perf,1,8,536870912,TREE,LL,8,TREE,LL,0,19.12,16.85,6.07,16.85,3,77.4581589958159,1024,float,sum,0.09,0.08,0,0
all_reduce_perf,1,8,536870912,TREE,LL,16,TREE,LL,0,20.53,33.27,6.27,33.06,3,28.30004870920603,1024,float,sum,0.09,0.08,0,0
all_reduce_perf,1,8,536870912,TREE,LL,24,TREE,LL,0,13.3,49.2,6.63,49.29,3,45.63909774436092,1024,float,sum,0.09,0.08,0,0
all_reduce_perf,1,8,536870912,TREE,LL,32,TREE,LL,0,21.03,64.41,6.77,64.48,3,31.050879695672833,1024,float,sum,0.09,0.08,0,0
all_reduce_perf,1,8,536870912,TREE,LL,40,TREE,LL,0,22.53,79.67,7.09,79.77,3,8.921438082556582,1024,float,sum,0.09,0.08,0,0
all_reduce_perf,1,8,536870912,TREE,LL,48,TREE,LL,0,19.23,94.68,7.04,95.11,3,49.97399895995841,1024,float,sum,0.09,0.08,0,0
all_reduce_perf,1,8,536870912,TREE,LL,56,TREE,LL,0,20.51,108.92,6.69,109.18,3,30.570453437347638,1024,float,sum,0.09,0.08,0,0
