collective,num_nodes,num_gpus,size_bytes,count,data_type,redop,time_oop_us,algbw_oop,busbw_oop,errors_oop,time_ip_us,algbw_ip,busbw_ip,errors_ip,algo,proto,nchannels,requested_algo,requested_proto,requested_nchannels,substituted,measured_algo_raw,nchannels_source
broadcast_perf,3,24,4096,1024,float,none,37.93,0.11,0.11,0,32.2,0.13,0.13,0,RING,SIMPLE,1,RING,SIMPLE,1,0,RING,A_flag_ceiling
broadcast_perf,3,24,8192,2048,float,none,33.98,0.24,0.24,0,33.49,0.24,0.24,0,RING,SIMPLE,1,RING,SIMPLE,1,0,RING,A_flag_ceiling
broadcast_perf,3,24,16384,4096,float,none,37.82,0.43,0.43,0,31.07,0.53,0.53,0,RING,SIMPLE,1,RING,SIMPLE,1,0,RING,A_flag_ceiling
broadcast_perf,3,24,32768,8192,float,none,35.9,0.91,0.91,0,36.35,0.9,0.9,0,RING,SIMPLE,1,RING,SIMPLE,1,0,RING,A_flag_ceiling
broadcast_perf,3,24,65536,16384,float,none,41.0,1.6,1.6,0,41.26,1.59,1.59,0,RING,SIMPLE,1,RING,SIMPLE,1,0,RING,A_flag_ceiling
broadcast_perf,3,24,131072,32768,float,none,51.6,2.54,2.54,0,55.04,2.38,2.38,0,RING,SIMPLE,1,RING,SIMPLE,1,0,RING,A_flag_ceiling
broadcast_perf,3,24,262144,65536,float,none,74.66,3.51,3.51,0,76.08,3.45,3.45,0,RING,SIMPLE,1,RING,SIMPLE,1,0,RING,A_flag_ceiling
broadcast_perf,3,24,524288,131072,float,none,133.63,3.92,3.92,0,89.82,5.84,5.84,0,RING,SIMPLE,1,RING,SIMPLE,1,0,RING,A_flag_ceiling
broadcast_perf,3,24,1048576,262144,float,none,147.86,7.09,7.09,0,142.09,7.38,7.38,0,RING,SIMPLE,1,RING,SIMPLE,1,0,RING,A_flag_ceiling
broadcast_perf,3,24,2097152,524288,float,none,211.49,9.92,9.92,0,214.12,9.79,9.79,0,RING,SIMPLE,1,RING,SIMPLE,1,0,RING,A_flag_ceiling
broadcast_perf,3,24,4194304,1048576,float,none,410.97,10.21,10.21,0,418.4,10.02,10.02,0,RING,SIMPLE,1,RING,SIMPLE,1,0,RING,A_flag_ceiling
broadcast_perf,3,24,8388608,2097152,float,none,648.49,12.94,12.94,0,645.17,13.0,13.0,0,RING,SIMPLE,1,RING,SIMPLE,1,0,RING,A_flag_ceiling
broadcast_perf,3,24,16777216,4194304,float,none,1275.65,13.15,13.15,0,1296.75,12.94,12.94,0,RING,SIMPLE,1,RING,SIMPLE,1,0,RING,A_flag_ceiling
broadcast_perf,3,24,33554432,8388608,float,none,2413.37,13.9,13.9,0,2454.25,13.67,13.67,0,RING,SIMPLE,1,RING,SIMPLE,1,0,RING,A_flag_ceiling
broadcast_perf,3,24,67108864,16777216,float,none,4906.5,13.68,13.68,0,4924.95,13.63,13.63,0,RING,SIMPLE,1,RING,SIMPLE,1,0,RING,A_flag_ceiling
broadcast_perf,3,24,134217728,33554432,float,none,9858.29,13.61,13.61,0,9845.06,13.63,13.63,0,RING,SIMPLE,1,RING,SIMPLE,1,0,RING,A_flag_ceiling
broadcast_perf,3,24,268435456,67108864,float,none,19703.5,13.62,13.62,0,19766.7,13.58,13.58,0,RING,SIMPLE,1,RING,SIMPLE,1,0,RING,A_flag_ceiling
broadcast_perf,3,24,536870912,134217728,float,none,39515.2,13.59,13.59,0,39442.9,13.61,13.61,0,RING,SIMPLE,1,RING,SIMPLE,1,0,RING,A_flag_ceiling
broadcast_perf,3,24,4096,1024,float,none,31.17,0.13,0.13,0,28.5,0.14,0.14,0,RING,LL,1,RING,LL,1,0,RING,A_flag_ceiling
broadcast_perf,3,24,8192,2048,float,none,29.64,0.28,0.28,0,30.53,0.27,0.27,0,RING,LL,1,RING,LL,1,0,RING,A_flag_ceiling
broadcast_perf,3,24,16384,4096,float,none,32.21,0.51,0.51,0,33.09,0.5,0.5,0,RING,LL,1,RING,LL,1,0,RING,A_flag_ceiling
broadcast_perf,3,24,32768,8192,float,none,37.08,0.88,0.88,0,36.88,0.89,0.89,0,RING,LL,1,RING,LL,1,0,RING,A_flag_ceiling
broadcast_perf,3,24,65536,16384,float,none,51.46,1.27,1.27,0,50.04,1.31,1.31,0,RING,LL,1,RING,LL,1,0,RING,A_flag_ceiling
broadcast_perf,3,24,131072,32768,float,none,74.32,1.76,1.76,0,75.28,1.74,1.74,0,RING,LL,1,RING,LL,1,0,RING,A_flag_ceiling
broadcast_perf,3,24,262144,65536,float,none,131.83,1.99,1.99,0,133.26,1.97,1.97,0,RING,LL,1,RING,LL,1,0,RING,A_flag_ceiling
broadcast_perf,3,24,524288,131072,float,none,257.6,2.04,2.04,0,246.63,2.13,2.13,0,RING,LL,1,RING,LL,1,0,RING,A_flag_ceiling
broadcast_perf,3,24,1048576,262144,float,none,489.99,2.14,2.14,0,489.96,2.14,2.14,0,RING,LL,1,RING,LL,1,0,RING,A_flag_ceiling
broadcast_perf,3,24,2097152,524288,float,none,963.1,2.18,2.18,0,962.22,2.18,2.18,0,RING,LL,1,RING,LL,1,0,RING,A_flag_ceiling
broadcast_perf,3,24,4194304,1048576,float,none,1911.85,2.19,2.19,0,1901.27,2.21,2.21,0,RING,LL,1,RING,LL,1,0,RING,A_flag_ceiling
broadcast_perf,3,24,8388608,2097152,float,none,3891.74,2.16,2.16,0,3868.83,2.17,2.17,0,RING,LL,1,RING,LL,1,0,RING,A_flag_ceiling
broadcast_perf,3,24,16777216,4194304,float,none,7806.58,2.15,2.15,0,7816.24,2.15,2.15,0,RING,LL,1,RING,LL,1,0,RING,A_flag_ceiling
broadcast_perf,3,24,33554432,8388608,float,none,15698.7,2.14,2.14,0,15640.0,2.15,2.15,0,RING,LL,1,RING,LL,1,0,RING,A_flag_ceiling
broadcast_perf,3,24,67108864,16777216,float,none,31351.9,2.14,2.14,0,31481.6,2.13,2.13,0,RING,LL,1,RING,LL,1,0,RING,A_flag_ceiling
broadcast_perf,3,24,134217728,33554432,float,none,62844.1,2.14,2.14,0,62783.0,2.14,2.14,0,RING,LL,1,RING,LL,1,0,RING,A_flag_ceiling
broadcast_perf,3,24,268435456,67108864,float,none,126022.0,2.13,2.13,0,125513.0,2.14,2.14,0,RING,LL,1,RING,LL,1,0,RING,A_flag_ceiling
broadcast_perf,3,24,536870912,134217728,float,none,250116.0,2.15,2.15,0,250876.0,2.14,2.14,0,RING,LL,1,RING,LL,1,0,RING,A_flag_ceiling
broadcast_perf,3,24,4096,1024,float,none,30.75,0.13,0.13,0,33.95,0.12,0.12,0,RING,LL128,1,RING,LL128,1,0,RING,A_flag_ceiling
broadcast_perf,3,24,8192,2048,float,none,33.87,0.24,0.24,0,32.43,0.25,0.25,0,RING,LL128,1,RING,LL128,1,0,RING,A_flag_ceiling
broadcast_perf,3,24,16384,4096,float,none,32.83,0.5,0.5,0,34.48,0.48,0.48,0,RING,LL128,1,RING,LL128,1,0,RING,A_flag_ceiling
broadcast_perf,3,24,32768,8192,float,none,35.07,0.93,0.93,0,31.55,1.04,1.04,0,RING,LL128,1,RING,LL128,1,0,RING,A_flag_ceiling
broadcast_perf,3,24,65536,16384,float,none,36.56,1.79,1.79,0,32.87,1.99,1.99,0,RING,LL128,1,RING,LL128,1,0,RING,A_flag_ceiling
broadcast_perf,3,24,131072,32768,float,none,46.0,2.85,2.85,0,45.19,2.9,2.9,0,RING,LL128,1,RING,LL128,1,0,RING,A_flag_ceiling
broadcast_perf,3,24,262144,65536,float,none,55.19,4.75,4.75,0,56.4,4.65,4.65,0,RING,LL128,1,RING,LL128,1,0,RING,A_flag_ceiling
broadcast_perf,3,24,524288,131072,float,none,88.25,5.94,5.94,0,79.97,6.56,6.56,0,RING,LL128,1,RING,LL128,1,0,RING,A_flag_ceiling
broadcast_perf,3,24,1048576,262144,float,none,133.17,7.87,7.87,0,138.72,7.56,7.56,0,RING,LL128,1,RING,LL128,1,0,RING,A_flag_ceiling
broadcast_perf,3,24,2097152,524288,float,none,237.49,8.83,8.83,0,245.03,8.56,8.56,0,RING,LL128,1,RING,LL128,1,0,RING,A_flag_ceiling
broadcast_perf,3,24,4194304,1048576,float,none,461.72,9.08,9.08,0,467.54,8.97,8.97,0,RING,LL128,1,RING,LL128,1,0,RING,A_flag_ceiling
broadcast_perf,3,24,8388608,2097152,float,none,917.74,9.14,9.14,0,913.84,9.18,9.18,0,RING,LL128,1,RING,LL128,1,0,RING,A_flag_ceiling
broadcast_perf,3,24,16777216,4194304,float,none,1840.24,9.12,9.12,0,1825.12,9.19,9.19,0,RING,LL128,1,RING,LL128,1,0,RING,A_flag_ceiling
broadcast_perf,3,24,33554432,8388608,float,none,3644.55,9.21,9.21,0,3641.58,9.21,9.21,0,RING,LL128,1,RING,LL128,1,0,RING,A_flag_ceiling
broadcast_perf,3,24,67108864,16777216,float,none,7254.0,9.25,9.25,0,7241.56,9.27,9.27,0,RING,LL128,1,RING,LL128,1,0,RING,A_flag_ceiling
broadcast_perf,3,24,134217728,33554432,float,none,14535.3,9.23,9.23,0,14506.6,9.25,9.25,0,RING,LL128,1,RING,LL128,1,0,RING,A_flag_ceiling
broadcast_perf,3,24,268435456,67108864,float,none,28861.8,9.3,9.3,0,28906.1,9.29,9.29,0,RING,LL128,1,RING,LL128,1,0,RING,A_flag_ceiling
broadcast_perf,3,24,536870912,134217728,float,none,57782.8,9.29,9.29,0,57801.0,9.29,9.29,0,RING,LL128,1,RING,LL128,1,0,RING,A_flag_ceiling
broadcast_perf,3,24,4096,1024,float,none,36.58,0.11,0.11,0,33.98,0.12,0.12,0,RING,SIMPLE,2,RING,SIMPLE,2,0,RING,A_flag_ceiling
broadcast_perf,3,24,8192,2048,float,none,33.03,0.25,0.25,0,32.76,0.25,0.25,0,RING,SIMPLE,2,RING,SIMPLE,2,0,RING,A_flag_ceiling
broadcast_perf,3,24,16384,4096,float,none,32.9,0.5,0.5,0,33.46,0.49,0.49,0,RING,SIMPLE,2,RING,SIMPLE,2,0,RING,A_flag_ceiling
broadcast_perf,3,24,32768,8192,float,none,83.42,0.39,0.39,0,84.52,0.39,0.39,0,RING,SIMPLE,2,RING,SIMPLE,2,0,RING,A_flag_ceiling
broadcast_perf,3,24,65536,16384,float,none,102.44,0.64,0.64,0,98.55,0.66,0.66,0,RING,SIMPLE,2,RING,SIMPLE,2,0,RING,A_flag_ceiling
broadcast_perf,3,24,131072,32768,float,none,105.51,1.24,1.24,0,101.42,1.29,1.29,0,RING,SIMPLE,2,RING,SIMPLE,2,0,RING,A_flag_ceiling
broadcast_perf,3,24,262144,65536,float,none,121.01,2.17,2.17,0,116.7,2.25,2.25,0,RING,SIMPLE,2,RING,SIMPLE,2,0,RING,A_flag_ceiling
broadcast_perf,3,24,524288,131072,float,none,136.51,3.84,3.84,0,138.55,3.78,3.78,0,RING,SIMPLE,2,RING,SIMPLE,2,0,RING,A_flag_ceiling
broadcast_perf,3,24,1048576,262144,float,none,179.82,5.83,5.83,0,180.96,5.79,5.79,0,RING,SIMPLE,2,RING,SIMPLE,2,0,RING,A_flag_ceiling
broadcast_perf,3,24,2097152,524288,float,none,233.89,8.97,8.97,0,233.4,8.99,8.99,0,RING,SIMPLE,2,RING,SIMPLE,2,0,RING,A_flag_ceiling
broadcast_perf,3,24,4194304,1048576,float,none,356.46,11.77,11.77,0,356.72,11.76,11.76,0,RING,SIMPLE,2,RING,SIMPLE,2,0,RING,A_flag_ceiling
broadcast_perf,3,24,8388608,2097152,float,none,522.37,16.06,16.06,0,521.78,16.08,16.08,0,RING,SIMPLE,2,RING,SIMPLE,2,0,RING,A_flag_ceiling
broadcast_perf,3,24,16777216,4194304,float,none,895.1,18.74,18.74,0,888.58,18.88,18.88,0,RING,SIMPLE,2,RING,SIMPLE,2,0,RING,A_flag_ceiling
broadcast_perf,3,24,33554432,8388608,float,none,1507.66,22.26,22.26,0,1498.58,22.39,22.39,0,RING,SIMPLE,2,RING,SIMPLE,2,0,RING,A_flag_ceiling
broadcast_perf,3,24,67108864,16777216,float,none,2867.91,23.4,23.4,0,2869.45,23.39,23.39,0,RING,SIMPLE,2,RING,SIMPLE,2,0,RING,A_flag_ceiling
broadcast_perf,3,24,134217728,33554432,float,none,5243.7,25.6,25.6,0,5222.12,25.7,25.7,0,RING,SIMPLE,2,RING,SIMPLE,2,0,RING,A_flag_ceiling
broadcast_perf,3,24,268435456,67108864,float,none,10025.5,26.78,26.78,0,10011.2,26.81,26.81,0,RING,SIMPLE,2,RING,SIMPLE,2,0,RING,A_flag_ceiling
broadcast_perf,3,24,536870912,134217728,float,none,19840.6,27.06,27.06,0,19854.4,27.04,27.04,0,RING,SIMPLE,2,RING,SIMPLE,2,0,RING,A_flag_ceiling
broadcast_perf,3,24,4096,1024,float,none,28.15,0.15,0.15,0,27.27,0.15,0.15,0,RING,LL,2,RING,LL,2,0,RING,A_flag_ceiling
broadcast_perf,3,24,8192,2048,float,none,51.9,0.16,0.16,0,49.03,0.17,0.17,0,RING,LL,2,RING,LL,2,0,RING,A_flag_ceiling
broadcast_perf,3,24,16384,4096,float,none,56.8,0.29,0.29,0,56.27,0.29,0.29,0,RING,LL,2,RING,LL,2,0,RING,A_flag_ceiling
broadcast_perf,3,24,32768,8192,float,none,62.59,0.52,0.52,0,61.07,0.54,0.54,0,RING,LL,2,RING,LL,2,0,RING,A_flag_ceiling
broadcast_perf,3,24,65536,16384,float,none,72.05,0.91,0.91,0,71.14,0.92,0.92,0,RING,LL,2,RING,LL,2,0,RING,A_flag_ceiling
broadcast_perf,3,24,131072,32768,float,none,85.92,1.53,1.53,0,85.34,1.54,1.54,0,RING,LL,2,RING,LL,2,0,RING,A_flag_ceiling
broadcast_perf,3,24,262144,65536,float,none,113.77,2.3,2.3,0,117.99,2.22,2.22,0,RING,LL,2,RING,LL,2,0,RING,A_flag_ceiling
broadcast_perf,3,24,524288,131072,float,none,172.59,3.04,3.04,0,172.19,3.04,3.04,0,RING,LL,2,RING,LL,2,0,RING,A_flag_ceiling
broadcast_perf,3,24,1048576,262144,float,none,294.83,3.56,3.56,0,294.26,3.56,3.56,0,RING,LL,2,RING,LL,2,0,RING,A_flag_ceiling
broadcast_perf,3,24,2097152,524288,float,none,515.67,4.07,4.07,0,517.04,4.06,4.06,0,RING,LL,2,RING,LL,2,0,RING,A_flag_ceiling
broadcast_perf,3,24,4194304,1048576,float,none,969.09,4.33,4.33,0,971.04,4.32,4.32,0,RING,LL,2,RING,LL,2,0,RING,A_flag_ceiling
broadcast_perf,3,24,8388608,2097152,float,none,1887.35,4.44,4.44,0,1890.15,4.44,4.44,0,RING,LL,2,RING,LL,2,0,RING,A_flag_ceiling
broadcast_perf,3,24,16777216,4194304,float,none,5509.37,3.05,3.05,0,3824.13,4.39,4.39,0,RING,LL,2,RING,LL,2,0,RING,A_flag_ceiling
broadcast_perf,3,24,33554432,8388608,float,none,7700.36,4.36,4.36,0,7648.03,4.39,4.39,0,RING,LL,2,RING,LL,2,0,RING,A_flag_ceiling
broadcast_perf,3,24,67108864,16777216,float,none,15412.2,4.35,4.35,0,15393.6,4.36,4.36,0,RING,LL,2,RING,LL,2,0,RING,A_flag_ceiling
broadcast_perf,3,24,134217728,33554432,float,none,30868.8,4.35,4.35,0,30934.3,4.34,4.34,0,RING,LL,2,RING,LL,2,0,RING,A_flag_ceiling
broadcast_perf,3,24,268435456,67108864,float,none,61827.0,4.34,4.34,0,61183.8,4.39,4.39,0,RING,LL,2,RING,LL,2,0,RING,A_flag_ceiling
broadcast_perf,3,24,536870912,134217728,float,none,123765.0,4.34,4.34,0,122534.0,4.38,4.38,0,RING,LL,2,RING,LL,2,0,RING,A_flag_ceiling
broadcast_perf,3,24,4096,1024,float,none,32.89,0.12,0.12,0,30.83,0.13,0.13,0,RING,LL128,2,RING,LL128,2,0,RING,A_flag_ceiling
broadcast_perf,3,24,8192,2048,float,none,28.87,0.28,0.28,0,30.36,0.27,0.27,0,RING,LL128,2,RING,LL128,2,0,RING,A_flag_ceiling
broadcast_perf,3,24,16384,4096,float,none,31.31,0.52,0.52,0,31.22,0.52,0.52,0,RING,LL128,2,RING,LL128,2,0,RING,A_flag_ceiling
broadcast_perf,3,24,32768,8192,float,none,61.72,0.53,0.53,0,64.06,0.51,0.51,0,RING,LL128,2,RING,LL128,2,0,RING,A_flag_ceiling
broadcast_perf,3,24,65536,16384,float,none,67.84,0.97,0.97,0,66.62,0.98,0.98,0,RING,LL128,2,RING,LL128,2,0,RING,A_flag_ceiling
broadcast_perf,3,24,131072,32768,float,none,79.57,1.65,1.65,0,81.08,1.62,1.62,0,RING,LL128,2,RING,LL128,2,0,RING,A_flag_ceiling
broadcast_perf,3,24,262144,65536,float,none,90.31,2.9,2.9,0,93.11,2.82,2.82,0,RING,LL128,2,RING,LL128,2,0,RING,A_flag_ceiling
broadcast_perf,3,24,524288,131072,float,none,102.97,5.09,5.09,0,103.12,5.08,5.08,0,RING,LL128,2,RING,LL128,2,0,RING,A_flag_ceiling
broadcast_perf,3,24,1048576,262144,float,none,132.01,7.94,7.94,0,130.67,8.02,8.02,0,RING,LL128,2,RING,LL128,2,0,RING,A_flag_ceiling
broadcast_perf,3,24,2097152,524288,float,none,179.84,11.66,11.66,0,182.29,11.5,11.5,0,RING,LL128,2,RING,LL128,2,0,RING,A_flag_ceiling
broadcast_perf,3,24,4194304,1048576,float,none,299.33,14.01,14.01,0,292.27,14.35,14.35,0,RING,LL128,2,RING,LL128,2,0,RING,A_flag_ceiling
broadcast_perf,3,24,8388608,2097152,float,none,509.0,16.48,16.48,0,500.48,16.76,16.76,0,RING,LL128,2,RING,LL128,2,0,RING,A_flag_ceiling
broadcast_perf,3,24,16777216,4194304,float,none,936.72,17.91,17.91,0,927.36,18.09,18.09,0,RING,LL128,2,RING,LL128,2,0,RING,A_flag_ceiling
broadcast_perf,3,24,33554432,8388608,float,none,1804.86,18.59,18.59,0,1816.31,18.47,18.47,0,RING,LL128,2,RING,LL128,2,0,RING,A_flag_ceiling
broadcast_perf,3,24,67108864,16777216,float,none,3588.59,18.7,18.7,0,3592.04,18.68,18.68,0,RING,LL128,2,RING,LL128,2,0,RING,A_flag_ceiling
broadcast_perf,3,24,134217728,33554432,float,none,7530.88,17.82,17.82,0,7469.5,17.97,17.97,0,RING,LL128,2,RING,LL128,2,0,RING,A_flag_ceiling
broadcast_perf,3,24,268435456,67108864,float,none,15086.4,17.79,17.79,0,15067.5,17.82,17.82,0,RING,LL128,2,RING,LL128,2,0,RING,A_flag_ceiling
broadcast_perf,3,24,536870912,134217728,float,none,30006.1,17.89,17.89,0,29978.9,17.91,17.91,0,RING,LL128,2,RING,LL128,2,0,RING,A_flag_ceiling
broadcast_perf,3,24,4096,1024,float,none,35.08,0.12,0.12,0,32.68,0.13,0.13,0,RING,SIMPLE,4,RING,SIMPLE,4,0,RING,A_flag_ceiling
broadcast_perf,3,24,8192,2048,float,none,31.65,0.26,0.26,0,32.44,0.25,0.25,0,RING,SIMPLE,4,RING,SIMPLE,4,0,RING,A_flag_ceiling
broadcast_perf,3,24,16384,4096,float,none,34.5,0.47,0.47,0,33.19,0.49,0.49,0,RING,SIMPLE,4,RING,SIMPLE,4,0,RING,A_flag_ceiling
broadcast_perf,3,24,32768,8192,float,none,82.28,0.4,0.4,0,82.77,0.4,0.4,0,RING,SIMPLE,4,RING,SIMPLE,4,0,RING,A_flag_ceiling
broadcast_perf,3,24,65536,16384,float,none,111.22,0.59,0.59,0,110.78,0.59,0.59,0,RING,SIMPLE,4,RING,SIMPLE,4,0,RING,A_flag_ceiling
broadcast_perf,3,24,131072,32768,float,none,131.45,1.0,1.0,0,131.4,1.0,1.0,0,RING,SIMPLE,4,RING,SIMPLE,4,0,RING,A_flag_ceiling
broadcast_perf,3,24,262144,65536,float,none,138.2,1.9,1.9,0,138.96,1.89,1.89,0,RING,SIMPLE,4,RING,SIMPLE,4,0,RING,A_flag_ceiling
broadcast_perf,3,24,524288,131072,float,none,150.38,3.49,3.49,0,150.6,3.48,3.48,0,RING,SIMPLE,4,RING,SIMPLE,4,0,RING,A_flag_ceiling
broadcast_perf,3,24,1048576,262144,float,none,171.57,6.11,6.11,0,174.77,6.0,6.0,0,RING,SIMPLE,4,RING,SIMPLE,4,0,RING,A_flag_ceiling
broadcast_perf,3,24,2097152,524288,float,none,236.43,8.87,8.87,0,236.33,8.87,8.87,0,RING,SIMPLE,4,RING,SIMPLE,4,0,RING,A_flag_ceiling
broadcast_perf,3,24,4194304,1048576,float,none,300.61,13.95,13.95,0,300.56,13.95,13.95,0,RING,SIMPLE,4,RING,SIMPLE,4,0,RING,A_flag_ceiling
broadcast_perf,3,24,8388608,2097152,float,none,456.59,18.37,18.37,0,456.59,18.37,18.37,0,RING,SIMPLE,4,RING,SIMPLE,4,0,RING,A_flag_ceiling
broadcast_perf,3,24,16777216,4194304,float,none,646.98,25.93,25.93,0,641.9,26.14,26.14,0,RING,SIMPLE,4,RING,SIMPLE,4,0,RING,A_flag_ceiling
broadcast_perf,3,24,33554432,8388608,float,none,1078.35,31.12,31.12,0,1078.01,31.13,31.13,0,RING,SIMPLE,4,RING,SIMPLE,4,0,RING,A_flag_ceiling
broadcast_perf,3,24,67108864,16777216,float,none,1734.64,38.69,38.69,0,1730.71,38.78,38.78,0,RING,SIMPLE,4,RING,SIMPLE,4,0,RING,A_flag_ceiling
broadcast_perf,3,24,134217728,33554432,float,none,3253.96,41.25,41.25,0,3255.79,41.22,41.22,0,RING,SIMPLE,4,RING,SIMPLE,4,0,RING,A_flag_ceiling
broadcast_perf,3,24,268435456,67108864,float,none,5779.92,46.44,46.44,0,5774.42,46.49,46.49,0,RING,SIMPLE,4,RING,SIMPLE,4,0,RING,A_flag_ceiling
broadcast_perf,3,24,536870912,134217728,float,none,10806.7,49.68,49.68,0,10810.3,49.66,49.66,0,RING,SIMPLE,4,RING,SIMPLE,4,0,RING,A_flag_ceiling
broadcast_perf,3,24,4096,1024,float,none,30.77,0.13,0.13,0,28.97,0.14,0.14,0,RING,LL,4,RING,LL,4,0,RING,A_flag_ceiling
broadcast_perf,3,24,8192,2048,float,none,55.82,0.15,0.15,0,49.46,0.17,0.17,0,RING,LL,4,RING,LL,4,0,RING,A_flag_ceiling
broadcast_perf,3,24,16384,4096,float,none,67.73,0.24,0.24,0,66.62,0.25,0.25,0,RING,LL,4,RING,LL,4,0,RING,A_flag_ceiling
broadcast_perf,3,24,32768,8192,float,none,74.9,0.44,0.44,0,74.75,0.44,0.44,0,RING,LL,4,RING,LL,4,0,RING,A_flag_ceiling
broadcast_perf,3,24,65536,16384,float,none,89.11,0.74,0.74,0,88.21,0.74,0.74,0,RING,LL,4,RING,LL,4,0,RING,A_flag_ceiling
broadcast_perf,3,24,131072,32768,float,none,97.84,1.34,1.34,0,97.17,1.35,1.35,0,RING,LL,4,RING,LL,4,0,RING,A_flag_ceiling
broadcast_perf,3,24,262144,65536,float,none,112.64,2.33,2.33,0,113.99,2.3,2.3,0,RING,LL,4,RING,LL,4,0,RING,A_flag_ceiling
broadcast_perf,3,24,524288,131072,float,none,146.62,3.58,3.58,0,144.89,3.62,3.62,0,RING,LL,4,RING,LL,4,0,RING,A_flag_ceiling
broadcast_perf,3,24,1048576,262144,float,none,210.11,4.99,4.99,0,206.0,5.09,5.09,0,RING,LL,4,RING,LL,4,0,RING,A_flag_ceiling
broadcast_perf,3,24,2097152,524288,float,none,326.25,6.43,6.43,0,323.65,6.48,6.48,0,RING,LL,4,RING,LL,4,0,RING,A_flag_ceiling
broadcast_perf,3,24,4194304,1048576,float,none,559.0,7.5,7.5,0,553.28,7.58,7.58,0,RING,LL,4,RING,LL,4,0,RING,A_flag_ceiling
broadcast_perf,3,24,8388608,2097152,float,none,1034.53,8.11,8.11,0,1027.72,8.16,8.16,0,RING,LL,4,RING,LL,4,0,RING,A_flag_ceiling
broadcast_perf,3,24,16777216,4194304,float,none,1981.24,8.47,8.47,0,1980.09,8.47,8.47,0,RING,LL,4,RING,LL,4,0,RING,A_flag_ceiling
broadcast_perf,3,24,33554432,8388608,float,none,3951.53,8.49,8.49,0,3954.9,8.48,8.48,0,RING,LL,4,RING,LL,4,0,RING,A_flag_ceiling
broadcast_perf,3,24,67108864,16777216,float,none,7897.26,8.5,8.5,0,7867.49,8.53,8.53,0,RING,LL,4,RING,LL,4,0,RING,A_flag_ceiling
broadcast_perf,3,24,134217728,33554432,float,none,15794.0,8.5,8.5,0,15964.8,8.41,8.41,0,RING,LL,4,RING,LL,4,0,RING,A_flag_ceiling
broadcast_perf,3,24,268435456,67108864,float,none,31915.5,8.41,8.41,0,31971.7,8.4,8.4,0,RING,LL,4,RING,LL,4,0,RING,A_flag_ceiling
broadcast_perf,3,24,536870912,134217728,float,none,63930.0,8.4,8.4,0,63992.7,8.39,8.39,0,RING,LL,4,RING,LL,4,0,RING,A_flag_ceiling
broadcast_perf,3,24,4096,1024,float,none,34.16,0.12,0.12,0,30.5,0.13,0.13,0,RING,LL128,4,RING,LL128,4,0,RING,A_flag_ceiling
broadcast_perf,3,24,8192,2048,float,none,31.38,0.26,0.26,0,31.34,0.26,0.26,0,RING,LL128,4,RING,LL128,4,0,RING,A_flag_ceiling
broadcast_perf,3,24,16384,4096,float,none,34.74,0.47,0.47,0,32.48,0.5,0.5,0,RING,LL128,4,RING,LL128,4,0,RING,A_flag_ceiling
broadcast_perf,3,24,32768,8192,float,none,73.36,0.45,0.45,0,63.22,0.52,0.52,0,RING,LL128,4,RING,LL128,4,0,RING,A_flag_ceiling
broadcast_perf,3,24,65536,16384,float,none,84.88,0.77,0.77,0,83.84,0.78,0.78,0,RING,LL128,4,RING,LL128,4,0,RING,A_flag_ceiling
broadcast_perf,3,24,131072,32768,float,none,97.41,1.35,1.35,0,93.73,1.4,1.4,0,RING,LL128,4,RING,LL128,4,0,RING,A_flag_ceiling
broadcast_perf,3,24,262144,65536,float,none,109.9,2.39,2.39,0,110.11,2.38,2.38,0,RING,LL128,4,RING,LL128,4,0,RING,A_flag_ceiling
broadcast_perf,3,24,524288,131072,float,none,127.84,4.1,4.1,0,128.63,4.08,4.08,0,RING,LL128,4,RING,LL128,4,0,RING,A_flag_ceiling
broadcast_perf,3,24,1048576,262144,float,none,142.59,7.35,7.35,0,141.57,7.41,7.41,0,RING,LL128,4,RING,LL128,4,0,RING,A_flag_ceiling
broadcast_perf,3,24,2097152,524288,float,none,171.6,12.22,12.22,0,174.64,12.01,12.01,0,RING,LL128,4,RING,LL128,4,0,RING,A_flag_ceiling
broadcast_perf,3,24,4194304,1048576,float,none,229.15,18.3,18.3,0,229.69,18.26,18.26,0,RING,LL128,4,RING,LL128,4,0,RING,A_flag_ceiling
broadcast_perf,3,24,8388608,2097152,float,none,344.49,24.35,24.35,0,332.87,25.2,25.2,0,RING,LL128,4,RING,LL128,4,0,RING,A_flag_ceiling
broadcast_perf,3,24,16777216,4194304,float,none,575.43,29.16,29.16,0,577.58,29.05,29.05,0,RING,LL128,4,RING,LL128,4,0,RING,A_flag_ceiling
broadcast_perf,3,24,33554432,8388608,float,none,1040.63,32.24,32.24,0,1048.2,32.01,32.01,0,RING,LL128,4,RING,LL128,4,0,RING,A_flag_ceiling
broadcast_perf,3,24,67108864,16777216,float,none,1964.59,34.16,34.16,0,1957.24,34.29,34.29,0,RING,LL128,4,RING,LL128,4,0,RING,A_flag_ceiling
broadcast_perf,3,24,134217728,33554432,float,none,3862.31,34.75,34.75,0,3854.3,34.82,34.82,0,RING,LL128,4,RING,LL128,4,0,RING,A_flag_ceiling
broadcast_perf,3,24,268435456,67108864,float,none,7670.05,35.0,35.0,0,7640.81,35.13,35.13,0,RING,LL128,4,RING,LL128,4,0,RING,A_flag_ceiling
broadcast_perf,3,24,536870912,134217728,float,none,15253.3,35.2,35.2,0,15259.1,35.18,35.18,0,RING,LL128,4,RING,LL128,4,0,RING,A_flag_ceiling
broadcast_perf,3,24,4096,1024,float,none,32.54,0.13,0.13,0,32.06,0.13,0.13,0,RING,SIMPLE,8,RING,SIMPLE,8,0,RING,A_flag_ceiling
broadcast_perf,3,24,8192,2048,float,none,31.5,0.26,0.26,0,31.3,0.26,0.26,0,RING,SIMPLE,8,RING,SIMPLE,8,0,RING,A_flag_ceiling
broadcast_perf,3,24,16384,4096,float,none,33.79,0.48,0.48,0,33.64,0.49,0.49,0,RING,SIMPLE,8,RING,SIMPLE,8,0,RING,A_flag_ceiling
broadcast_perf,3,24,32768,8192,float,none,83.53,0.39,0.39,0,81.21,0.4,0.4,0,RING,SIMPLE,8,RING,SIMPLE,8,0,RING,A_flag_ceiling
broadcast_perf,3,24,65536,16384,float,none,111.7,0.59,0.59,0,111.48,0.59,0.59,0,RING,SIMPLE,8,RING,SIMPLE,8,0,RING,A_flag_ceiling
broadcast_perf,3,24,131072,32768,float,none,114.59,1.14,1.14,0,119.75,1.09,1.09,0,RING,SIMPLE,8,RING,SIMPLE,8,0,RING,A_flag_ceiling
broadcast_perf,3,24,262144,65536,float,none,137.13,1.91,1.91,0,134.75,1.95,1.95,0,RING,SIMPLE,8,RING,SIMPLE,8,0,RING,A_flag_ceiling
broadcast_perf,3,24,524288,131072,float,none,147.02,3.57,3.57,0,142.38,3.68,3.68,0,RING,SIMPLE,8,RING,SIMPLE,8,0,RING,A_flag_ceiling
broadcast_perf,3,24,1048576,262144,float,none,154.97,6.77,6.77,0,154.52,6.79,6.79,0,RING,SIMPLE,8,RING,SIMPLE,8,0,RING,A_flag_ceiling
broadcast_perf,3,24,2097152,524288,float,none,177.86,11.79,11.79,0,177.92,11.79,11.79,0,RING,SIMPLE,8,RING,SIMPLE,8,0,RING,A_flag_ceiling
broadcast_perf,3,24,4194304,1048576,float,none,241.04,17.4,17.4,0,241.2,17.39,17.39,0,RING,SIMPLE,8,RING,SIMPLE,8,0,RING,A_flag_ceiling
broadcast_perf,3,24,8388608,2097152,float,none,307.09,27.32,27.32,0,305.61,27.45,27.45,0,RING,SIMPLE,8,RING,SIMPLE,8,0,RING,A_flag_ceiling
broadcast_perf,3,24,16777216,4194304,float,none,467.82,35.86,35.86,0,466.06,36.0,36.0,0,RING,SIMPLE,8,RING,SIMPLE,8,0,RING,A_flag_ceiling
broadcast_perf,3,24,33554432,8388608,float,none,645.73,51.96,51.96,0,647.72,51.8,51.8,0,RING,SIMPLE,8,RING,SIMPLE,8,0,RING,A_flag_ceiling
broadcast_perf,3,24,67108864,16777216,float,none,1085.06,61.85,61.85,0,1092.89,61.41,61.41,0,RING,SIMPLE,8,RING,SIMPLE,8,0,RING,A_flag_ceiling
broadcast_perf,3,24,134217728,33554432,float,none,1742.42,77.03,77.03,0,1741.06,77.09,77.09,0,RING,SIMPLE,8,RING,SIMPLE,8,0,RING,A_flag_ceiling
broadcast_perf,3,24,268435456,67108864,float,none,3319.27,80.87,80.87,0,3337.38,80.43,80.43,0,RING,SIMPLE,8,RING,SIMPLE,8,0,RING,A_flag_ceiling
broadcast_perf,3,24,536870912,134217728,float,none,5900.87,90.98,90.98,0,5913.46,90.79,90.79,0,RING,SIMPLE,8,RING,SIMPLE,8,0,RING,A_flag_ceiling
broadcast_perf,3,24,4096,1024,float,none,29.93,0.14,0.14,0,27.66,0.15,0.15,0,RING,LL,8,RING,LL,8,0,RING,A_flag_ceiling
broadcast_perf,3,24,8192,2048,float,none,52.29,0.16,0.16,0,52.42,0.16,0.16,0,RING,LL,8,RING,LL,8,0,RING,A_flag_ceiling
broadcast_perf,3,24,16384,4096,float,none,67.01,0.24,0.24,0,68.17,0.24,0.24,0,RING,LL,8,RING,LL,8,0,RING,A_flag_ceiling
broadcast_perf,3,24,32768,8192,float,none,69.61,0.47,0.47,0,68.52,0.48,0.48,0,RING,LL,8,RING,LL,8,0,RING,A_flag_ceiling
broadcast_perf,3,24,65536,16384,float,none,76.57,0.86,0.86,0,76.11,0.86,0.86,0,RING,LL,8,RING,LL,8,0,RING,A_flag_ceiling
broadcast_perf,3,24,131072,32768,float,none,91.93,1.43,1.43,0,91.82,1.43,1.43,0,RING,LL,8,RING,LL,8,0,RING,A_flag_ceiling
broadcast_perf,3,24,262144,65536,float,none,98.98,2.65,2.65,0,99.58,2.63,2.63,0,RING,LL,8,RING,LL,8,0,RING,A_flag_ceiling
broadcast_perf,3,24,524288,131072,float,none,115.81,4.53,4.53,0,116.01,4.52,4.52,0,RING,LL,8,RING,LL,8,0,RING,A_flag_ceiling
broadcast_perf,3,24,1048576,262144,float,none,146.82,7.14,7.14,0,144.92,7.24,7.24,0,RING,LL,8,RING,LL,8,0,RING,A_flag_ceiling
broadcast_perf,3,24,2097152,524288,float,none,214.17,9.79,9.79,0,214.96,9.76,9.76,0,RING,LL,8,RING,LL,8,0,RING,A_flag_ceiling
broadcast_perf,3,24,4194304,1048576,float,none,329.08,12.75,12.75,0,360.92,11.62,11.62,0,RING,LL,8,RING,LL,8,0,RING,A_flag_ceiling
broadcast_perf,3,24,8388608,2097152,float,none,604.21,13.88,13.88,0,581.88,14.42,14.42,0,RING,LL,8,RING,LL,8,0,RING,A_flag_ceiling
broadcast_perf,3,24,16777216,4194304,float,none,1108.38,15.14,15.14,0,1066.3,15.73,15.73,0,RING,LL,8,RING,LL,8,0,RING,A_flag_ceiling
broadcast_perf,3,24,33554432,8388608,float,none,2034.41,16.49,16.49,0,2038.26,16.46,16.46,0,RING,LL,8,RING,LL,8,0,RING,A_flag_ceiling
broadcast_perf,3,24,67108864,16777216,float,none,4019.6,16.7,16.7,0,3994.07,16.8,16.8,0,RING,LL,8,RING,LL,8,0,RING,A_flag_ceiling
broadcast_perf,3,24,134217728,33554432,float,none,7972.86,16.83,16.83,0,7972.73,16.83,16.83,0,RING,LL,8,RING,LL,8,0,RING,A_flag_ceiling
broadcast_perf,3,24,268435456,67108864,float,none,15954.9,16.82,16.82,0,15898.1,16.88,16.88,0,RING,LL,8,RING,LL,8,0,RING,A_flag_ceiling
broadcast_perf,3,24,536870912,134217728,float,none,31836.7,16.86,16.86,0,32030.9,16.76,16.76,0,RING,LL,8,RING,LL,8,0,RING,A_flag_ceiling
broadcast_perf,3,24,4096,1024,float,none,30.99,0.13,0.13,0,30.12,0.14,0.14,0,RING,LL128,8,RING,LL128,8,0,RING,A_flag_ceiling
broadcast_perf,3,24,8192,2048,float,none,31.65,0.26,0.26,0,30.15,0.27,0.27,0,RING,LL128,8,RING,LL128,8,0,RING,A_flag_ceiling
broadcast_perf,3,24,16384,4096,float,none,31.54,0.52,0.52,0,31.09,0.53,0.53,0,RING,LL128,8,RING,LL128,8,0,RING,A_flag_ceiling
broadcast_perf,3,24,32768,8192,float,none,77.48,0.42,0.42,0,64.71,0.51,0.51,0,RING,LL128,8,RING,LL128,8,0,RING,A_flag_ceiling
broadcast_perf,3,24,65536,16384,float,none,83.52,0.78,0.78,0,84.6,0.77,0.77,0,RING,LL128,8,RING,LL128,8,0,RING,A_flag_ceiling
broadcast_perf,3,24,131072,32768,float,none,86.14,1.52,1.52,0,86.0,1.52,1.52,0,RING,LL128,8,RING,LL128,8,0,RING,A_flag_ceiling
broadcast_perf,3,24,262144,65536,float,none,96.07,2.73,2.73,0,94.96,2.76,2.76,0,RING,LL128,8,RING,LL128,8,0,RING,A_flag_ceiling
broadcast_perf,3,24,524288,131072,float,none,109.42,4.79,4.79,0,109.65,4.78,4.78,0,RING,LL128,8,RING,LL128,8,0,RING,A_flag_ceiling
broadcast_perf,3,24,1048576,262144,float,none,128.47,8.16,8.16,0,128.88,8.14,8.14,0,RING,LL128,8,RING,LL128,8,0,RING,A_flag_ceiling
broadcast_perf,3,24,2097152,524288,float,none,143.88,14.58,14.58,0,144.85,14.48,14.48,0,RING,LL128,8,RING,LL128,8,0,RING,A_flag_ceiling
broadcast_perf,3,24,4194304,1048576,float,none,174.51,24.04,24.04,0,174.22,24.07,24.07,0,RING,LL128,8,RING,LL128,8,0,RING,A_flag_ceiling
broadcast_perf,3,24,8388608,2097152,float,none,235.0,35.7,35.7,0,231.51,36.23,36.23,0,RING,LL128,8,RING,LL128,8,0,RING,A_flag_ceiling
broadcast_perf,3,24,16777216,4194304,float,none,355.09,47.25,47.25,0,348.55,48.13,48.13,0,RING,LL128,8,RING,LL128,8,0,RING,A_flag_ceiling
broadcast_perf,3,24,33554432,8388608,float,none,587.05,57.16,57.16,0,583.96,57.46,57.46,0,RING,LL128,8,RING,LL128,8,0,RING,A_flag_ceiling
broadcast_perf,3,24,67108864,16777216,float,none,1062.67,63.15,63.15,0,1069.71,62.74,62.74,0,RING,LL128,8,RING,LL128,8,0,RING,A_flag_ceiling
broadcast_perf,3,24,134217728,33554432,float,none,2009.51,66.79,66.79,0,2014.17,66.64,66.64,0,RING,LL128,8,RING,LL128,8,0,RING,A_flag_ceiling
broadcast_perf,3,24,268435456,67108864,float,none,3926.86,68.36,68.36,0,3904.99,68.74,68.74,0,RING,LL128,8,RING,LL128,8,0,RING,A_flag_ceiling
broadcast_perf,3,24,536870912,134217728,float,none,7770.22,69.09,69.09,0,7748.08,69.29,69.29,0,RING,LL128,8,RING,LL128,8,0,RING,A_flag_ceiling
broadcast_perf,3,24,4096,1024,float,none,35.71,0.11,0.11,0,32.77,0.12,0.12,0,RING,SIMPLE,16,RING,SIMPLE,16,0,RING,A_flag_ceiling
broadcast_perf,3,24,8192,2048,float,none,32.45,0.25,0.25,0,33.23,0.25,0.25,0,RING,SIMPLE,16,RING,SIMPLE,16,0,RING,A_flag_ceiling
broadcast_perf,3,24,16384,4096,float,none,36.09,0.45,0.45,0,33.08,0.5,0.5,0,RING,SIMPLE,16,RING,SIMPLE,16,0,RING,A_flag_ceiling
broadcast_perf,3,24,32768,8192,float,none,84.16,0.39,0.39,0,81.48,0.4,0.4,0,RING,SIMPLE,16,RING,SIMPLE,16,0,RING,A_flag_ceiling
broadcast_perf,3,24,65536,16384,float,none,111.67,0.59,0.59,0,111.91,0.59,0.59,0,RING,SIMPLE,16,RING,SIMPLE,16,0,RING,A_flag_ceiling
broadcast_perf,3,24,131072,32768,float,none,117.69,1.11,1.11,0,117.91,1.11,1.11,0,RING,SIMPLE,16,RING,SIMPLE,16,0,RING,A_flag_ceiling
broadcast_perf,3,24,262144,65536,float,none,120.25,2.18,2.18,0,117.34,2.23,2.23,0,RING,SIMPLE,16,RING,SIMPLE,16,0,RING,A_flag_ceiling
broadcast_perf,3,24,524288,131072,float,none,137.81,3.8,3.8,0,138.39,3.79,3.79,0,RING,SIMPLE,16,RING,SIMPLE,16,0,RING,A_flag_ceiling
broadcast_perf,3,24,1048576,262144,float,none,145.89,7.19,7.19,0,145.67,7.2,7.2,0,RING,SIMPLE,16,RING,SIMPLE,16,0,RING,A_flag_ceiling
broadcast_perf,3,24,2097152,524288,float,none,159.71,13.13,13.13,0,157.57,13.31,13.31,0,RING,SIMPLE,16,RING,SIMPLE,16,0,RING,A_flag_ceiling
broadcast_perf,3,24,4194304,1048576,float,none,185.14,22.66,22.66,0,184.15,22.78,22.78,0,RING,SIMPLE,16,RING,SIMPLE,16,0,RING,A_flag_ceiling
broadcast_perf,3,24,8388608,2097152,float,none,247.67,33.87,33.87,0,246.58,34.02,34.02,0,RING,SIMPLE,16,RING,SIMPLE,16,0,RING,A_flag_ceiling
broadcast_perf,3,24,16777216,4194304,float,none,313.55,53.51,53.51,0,313.83,53.46,53.46,0,RING,SIMPLE,16,RING,SIMPLE,16,0,RING,A_flag_ceiling
broadcast_perf,3,24,33554432,8388608,float,none,472.32,71.04,71.04,0,468.15,71.68,71.68,0,RING,SIMPLE,16,RING,SIMPLE,16,0,RING,A_flag_ceiling
broadcast_perf,3,24,67108864,16777216,float,none,661.86,101.39,101.39,0,662.59,101.28,101.28,0,RING,SIMPLE,16,RING,SIMPLE,16,0,RING,A_flag_ceiling
broadcast_perf,3,24,134217728,33554432,float,none,1125.31,119.27,119.27,0,1123.55,119.46,119.46,0,RING,SIMPLE,16,RING,SIMPLE,16,0,RING,A_flag_ceiling
broadcast_perf,3,24,268435456,67108864,float,none,1823.58,147.2,147.2,0,1820.49,147.45,147.45,0,RING,SIMPLE,16,RING,SIMPLE,16,0,RING,A_flag_ceiling
broadcast_perf,3,24,536870912,134217728,float,none,3447.93,155.71,155.71,0,3437.67,156.17,156.17,0,RING,SIMPLE,16,RING,SIMPLE,16,0,RING,A_flag_ceiling
broadcast_perf,3,24,4096,1024,float,none,30.14,0.14,0.14,0,28.19,0.15,0.15,0,RING,LL,16,RING,LL,16,0,RING,A_flag_ceiling
broadcast_perf,3,24,8192,2048,float,none,49.44,0.17,0.17,0,49.77,0.16,0.16,0,RING,LL,16,RING,LL,16,0,RING,A_flag_ceiling
broadcast_perf,3,24,16384,4096,float,none,67.1,0.24,0.24,0,66.85,0.25,0.25,0,RING,LL,16,RING,LL,16,0,RING,A_flag_ceiling
broadcast_perf,3,24,32768,8192,float,none,69.38,0.47,0.47,0,68.66,0.48,0.48,0,RING,LL,16,RING,LL,16,0,RING,A_flag_ceiling
broadcast_perf,3,24,65536,16384,float,none,71.2,0.92,0.92,0,69.72,0.94,0.94,0,RING,LL,16,RING,LL,16,0,RING,A_flag_ceiling
broadcast_perf,3,24,131072,32768,float,none,78.31,1.67,1.67,0,79.83,1.64,1.64,0,RING,LL,16,RING,LL,16,0,RING,A_flag_ceiling
broadcast_perf,3,24,262144,65536,float,none,94.04,2.79,2.79,0,93.57,2.8,2.8,0,RING,LL,16,RING,LL,16,0,RING,A_flag_ceiling
broadcast_perf,3,24,524288,131072,float,none,105.2,4.98,4.98,0,104.12,5.04,5.04,0,RING,LL,16,RING,LL,16,0,RING,A_flag_ceiling
broadcast_perf,3,24,1048576,262144,float,none,122.16,8.58,8.58,0,121.83,8.61,8.61,0,RING,LL,16,RING,LL,16,0,RING,A_flag_ceiling
broadcast_perf,3,24,2097152,524288,float,none,153.43,13.67,13.67,0,152.84,13.72,13.72,0,RING,LL,16,RING,LL,16,0,RING,A_flag_ceiling
broadcast_perf,3,24,4194304,1048576,float,none,224.53,18.68,18.68,0,222.16,18.88,18.88,0,RING,LL,16,RING,LL,16,0,RING,A_flag_ceiling
broadcast_perf,3,24,8388608,2097152,float,none,348.86,24.05,24.05,0,354.08,23.69,23.69,0,RING,LL,16,RING,LL,16,0,RING,A_flag_ceiling
broadcast_perf,3,24,16777216,4194304,float,none,601.0,27.92,27.92,0,599.66,27.98,27.98,0,RING,LL,16,RING,LL,16,0,RING,A_flag_ceiling
broadcast_perf,3,24,33554432,8388608,float,none,1095.36,30.63,30.63,0,1102.16,30.44,30.44,0,RING,LL,16,RING,LL,16,0,RING,A_flag_ceiling
broadcast_perf,3,24,67108864,16777216,float,none,2094.95,32.03,32.03,0,2092.01,32.08,32.08,0,RING,LL,16,RING,LL,16,0,RING,A_flag_ceiling
broadcast_perf,3,24,134217728,33554432,float,none,4109.26,32.66,32.66,0,4118.85,32.59,32.59,0,RING,LL,16,RING,LL,16,0,RING,A_flag_ceiling
broadcast_perf,3,24,268435456,67108864,float,none,8188.79,32.78,32.78,0,8154.49,32.92,32.92,0,RING,LL,16,RING,LL,16,0,RING,A_flag_ceiling
broadcast_perf,3,24,536870912,134217728,float,none,16286.1,32.96,32.96,0,16443.2,32.65,32.65,0,RING,LL,16,RING,LL,16,0,RING,A_flag_ceiling
broadcast_perf,3,24,4096,1024,float,none,29.91,0.14,0.14,0,29.54,0.14,0.14,0,RING,LL128,16,RING,LL128,16,0,RING,A_flag_ceiling
broadcast_perf,3,24,8192,2048,float,none,30.68,0.27,0.27,0,31.98,0.26,0.26,0,RING,LL128,16,RING,LL128,16,0,RING,A_flag_ceiling
broadcast_perf,3,24,16384,4096,float,none,33.25,0.49,0.49,0,30.4,0.54,0.54,0,RING,LL128,16,RING,LL128,16,0,RING,A_flag_ceiling
broadcast_perf,3,24,32768,8192,float,none,64.73,0.51,0.51,0,66.19,0.5,0.5,0,RING,LL128,16,RING,LL128,16,0,RING,A_flag_ceiling
broadcast_perf,3,24,65536,16384,float,none,83.37,0.79,0.79,0,84.09,0.78,0.78,0,RING,LL128,16,RING,LL128,16,0,RING,A_flag_ceiling
broadcast_perf,3,24,131072,32768,float,none,84.39,1.55,1.55,0,85.06,1.54,1.54,0,RING,LL128,16,RING,LL128,16,0,RING,A_flag_ceiling
broadcast_perf,3,24,262144,65536,float,none,86.87,3.02,3.02,0,86.86,3.02,3.02,0,RING,LL128,16,RING,LL128,16,0,RING,A_flag_ceiling
broadcast_perf,3,24,524288,131072,float,none,98.01,5.35,5.35,0,97.66,5.37,5.37,0,RING,LL128,16,RING,LL128,16,0,RING,A_flag_ceiling
broadcast_perf,3,24,1048576,262144,float,none,123.76,8.47,8.47,0,117.26,8.94,8.94,0,RING,LL128,16,RING,LL128,16,0,RING,A_flag_ceiling
broadcast_perf,3,24,2097152,524288,float,none,137.6,15.24,15.24,0,135.52,15.47,15.47,0,RING,LL128,16,RING,LL128,16,0,RING,A_flag_ceiling
broadcast_perf,3,24,4194304,1048576,float,none,152.13,27.57,27.57,0,151.15,27.75,27.75,0,RING,LL128,16,RING,LL128,16,0,RING,A_flag_ceiling
broadcast_perf,3,24,8388608,2097152,float,none,187.68,44.7,44.7,0,191.35,43.84,43.84,0,RING,LL128,16,RING,LL128,16,0,RING,A_flag_ceiling
broadcast_perf,3,24,16777216,4194304,float,none,322.74,51.98,51.98,0,247.8,67.7,67.7,0,RING,LL128,16,RING,LL128,16,0,RING,A_flag_ceiling
broadcast_perf,3,24,33554432,8388608,float,none,377.15,88.97,88.97,0,370.92,90.46,90.46,0,RING,LL128,16,RING,LL128,16,0,RING,A_flag_ceiling
broadcast_perf,3,24,67108864,16777216,float,none,632.09,106.17,106.17,0,627.39,106.96,106.96,0,RING,LL128,16,RING,LL128,16,0,RING,A_flag_ceiling
broadcast_perf,3,24,134217728,33554432,float,none,1140.68,117.66,117.66,0,1137.47,118.0,118.0,0,RING,LL128,16,RING,LL128,16,0,RING,A_flag_ceiling
broadcast_perf,3,24,268435456,67108864,float,none,2175.58,123.39,123.39,0,2161.84,124.17,124.17,0,RING,LL128,16,RING,LL128,16,0,RING,A_flag_ceiling
broadcast_perf,3,24,536870912,134217728,float,none,4243.45,126.52,126.52,0,4233.13,126.83,126.83,0,RING,LL128,16,RING,LL128,16,0,RING,A_flag_ceiling
broadcast_perf,3,24,4096,1024,float,none,31.81,0.13,0.13,0,31.67,0.13,0.13,0,RING,SIMPLE,24,RING,SIMPLE,24,0,RING,A_flag_ceiling
broadcast_perf,3,24,8192,2048,float,none,32.53,0.25,0.25,0,31.47,0.26,0.26,0,RING,SIMPLE,24,RING,SIMPLE,24,0,RING,A_flag_ceiling
broadcast_perf,3,24,16384,4096,float,none,33.45,0.49,0.49,0,32.14,0.51,0.51,0,RING,SIMPLE,24,RING,SIMPLE,24,0,RING,A_flag_ceiling
broadcast_perf,3,24,32768,8192,float,none,80.32,0.41,0.41,0,80.01,0.41,0.41,0,RING,SIMPLE,24,RING,SIMPLE,24,0,RING,A_flag_ceiling
broadcast_perf,3,24,65536,16384,float,none,112.44,0.58,0.58,0,112.23,0.58,0.58,0,RING,SIMPLE,24,RING,SIMPLE,24,0,RING,A_flag_ceiling
broadcast_perf,3,24,131072,32768,float,none,118.87,1.1,1.1,0,119.39,1.1,1.1,0,RING,SIMPLE,24,RING,SIMPLE,24,0,RING,A_flag_ceiling
broadcast_perf,3,24,262144,65536,float,none,119.61,2.19,2.19,0,121.38,2.16,2.16,0,RING,SIMPLE,24,RING,SIMPLE,24,0,RING,A_flag_ceiling
broadcast_perf,3,24,524288,131072,float,none,140.94,3.72,3.72,0,141.99,3.69,3.69,0,RING,SIMPLE,24,RING,SIMPLE,24,0,RING,A_flag_ceiling
broadcast_perf,3,24,1048576,262144,float,none,146.81,7.14,7.14,0,146.33,7.17,7.17,0,RING,SIMPLE,24,RING,SIMPLE,24,0,RING,A_flag_ceiling
broadcast_perf,3,24,2097152,524288,float,none,154.62,13.56,13.56,0,155.49,13.49,13.49,0,RING,SIMPLE,24,RING,SIMPLE,24,0,RING,A_flag_ceiling
broadcast_perf,3,24,4194304,1048576,float,none,172.3,24.34,24.34,0,172.14,24.37,24.37,0,RING,SIMPLE,24,RING,SIMPLE,24,0,RING,A_flag_ceiling
broadcast_perf,3,24,8388608,2097152,float,none,204.4,41.04,41.04,0,205.29,40.86,40.86,0,RING,SIMPLE,24,RING,SIMPLE,24,0,RING,A_flag_ceiling
broadcast_perf,3,24,16777216,4194304,float,none,281.18,59.67,59.67,0,276.29,60.72,60.72,0,RING,SIMPLE,24,RING,SIMPLE,24,0,RING,A_flag_ceiling
broadcast_perf,3,24,33554432,8388608,float,none,362.6,92.54,92.54,0,358.53,93.59,93.59,0,RING,SIMPLE,24,RING,SIMPLE,24,0,RING,A_flag_ceiling
broadcast_perf,3,24,67108864,16777216,float,none,553.71,121.2,121.2,0,552.66,121.43,121.43,0,RING,SIMPLE,24,RING,SIMPLE,24,0,RING,A_flag_ceiling
broadcast_perf,3,24,134217728,33554432,float,none,821.29,163.42,163.42,0,821.76,163.33,163.33,0,RING,SIMPLE,24,RING,SIMPLE,24,0,RING,A_flag_ceiling
broadcast_perf,3,24,268435456,67108864,float,none,1423.22,188.61,188.61,0,1410.84,190.27,190.27,0,RING,SIMPLE,24,RING,SIMPLE,24,0,RING,A_flag_ceiling
broadcast_perf,3,24,536870912,134217728,float,none,2384.14,225.18,225.18,0,2381.21,225.46,225.46,0,RING,SIMPLE,24,RING,SIMPLE,24,0,RING,A_flag_ceiling
broadcast_perf,3,24,4096,1024,float,none,30.61,0.13,0.13,0,28.22,0.15,0.15,0,RING,LL,24,RING,LL,24,0,RING,A_flag_ceiling
broadcast_perf,3,24,8192,2048,float,none,50.84,0.16,0.16,0,50.76,0.16,0.16,0,RING,LL,24,RING,LL,24,0,RING,A_flag_ceiling
broadcast_perf,3,24,16384,4096,float,none,67.08,0.24,0.24,0,66.98,0.24,0.24,0,RING,LL,24,RING,LL,24,0,RING,A_flag_ceiling
broadcast_perf,3,24,32768,8192,float,none,73.35,0.45,0.45,0,68.05,0.48,0.48,0,RING,LL,24,RING,LL,24,0,RING,A_flag_ceiling
broadcast_perf,3,24,65536,16384,float,none,73.84,0.89,0.89,0,70.53,0.93,0.93,0,RING,LL,24,RING,LL,24,0,RING,A_flag_ceiling
broadcast_perf,3,24,131072,32768,float,none,79.39,1.65,1.65,0,79.53,1.65,1.65,0,RING,LL,24,RING,LL,24,0,RING,A_flag_ceiling
broadcast_perf,3,24,262144,65536,float,none,92.48,2.83,2.83,0,90.95,2.88,2.88,0,RING,LL,24,RING,LL,24,0,RING,A_flag_ceiling
broadcast_perf,3,24,524288,131072,float,none,106.6,4.92,4.92,0,111.06,4.72,4.72,0,RING,LL,24,RING,LL,24,0,RING,A_flag_ceiling
broadcast_perf,3,24,1048576,262144,float,none,118.78,8.83,8.83,0,119.6,8.77,8.77,0,RING,LL,24,RING,LL,24,0,RING,A_flag_ceiling
broadcast_perf,3,24,2097152,524288,float,none,150.17,13.97,13.97,0,149.95,13.99,13.99,0,RING,LL,24,RING,LL,24,0,RING,A_flag_ceiling
broadcast_perf,3,24,4194304,1048576,float,none,217.26,19.31,19.31,0,216.32,19.39,19.39,0,RING,LL,24,RING,LL,24,0,RING,A_flag_ceiling
broadcast_perf,3,24,8388608,2097152,float,none,329.27,25.48,25.48,0,329.68,25.44,25.44,0,RING,LL,24,RING,LL,24,0,RING,A_flag_ceiling
broadcast_perf,3,24,16777216,4194304,float,none,554.46,30.26,30.26,0,550.14,30.5,30.5,0,RING,LL,24,RING,LL,24,0,RING,A_flag_ceiling
broadcast_perf,3,24,33554432,8388608,float,none,1007.23,33.31,33.31,0,1005.28,33.38,33.38,0,RING,LL,24,RING,LL,24,0,RING,A_flag_ceiling
broadcast_perf,3,24,67108864,16777216,float,none,1960.28,34.23,34.23,0,1924.04,34.88,34.88,0,RING,LL,24,RING,LL,24,0,RING,A_flag_ceiling
broadcast_perf,3,24,134217728,33554432,float,none,3756.09,35.73,35.73,0,3629.41,36.98,36.98,0,RING,LL,24,RING,LL,24,0,RING,A_flag_ceiling
broadcast_perf,3,24,268435456,67108864,float,none,7086.52,37.88,37.88,0,7065.79,37.99,37.99,0,RING,LL,24,RING,LL,24,0,RING,A_flag_ceiling
broadcast_perf,3,24,536870912,134217728,float,none,14019.7,38.29,38.29,0,14087.7,38.11,38.11,0,RING,LL,24,RING,LL,24,0,RING,A_flag_ceiling
broadcast_perf,3,24,4096,1024,float,none,30.48,0.13,0.13,0,30.83,0.13,0.13,0,RING,LL128,24,RING,LL128,24,0,RING,A_flag_ceiling
broadcast_perf,3,24,8192,2048,float,none,30.42,0.27,0.27,0,29.96,0.27,0.27,0,RING,LL128,24,RING,LL128,24,0,RING,A_flag_ceiling
broadcast_perf,3,24,16384,4096,float,none,30.84,0.53,0.53,0,30.19,0.54,0.54,0,RING,LL128,24,RING,LL128,24,0,RING,A_flag_ceiling
broadcast_perf,3,24,32768,8192,float,none,63.65,0.51,0.51,0,61.46,0.53,0.53,0,RING,LL128,24,RING,LL128,24,0,RING,A_flag_ceiling
broadcast_perf,3,24,65536,16384,float,none,82.6,0.79,0.79,0,84.8,0.77,0.77,0,RING,LL128,24,RING,LL128,24,0,RING,A_flag_ceiling
broadcast_perf,3,24,131072,32768,float,none,85.22,1.54,1.54,0,84.61,1.55,1.55,0,RING,LL128,24,RING,LL128,24,0,RING,A_flag_ceiling
broadcast_perf,3,24,262144,65536,float,none,88.6,2.96,2.96,0,89.25,2.94,2.94,0,RING,LL128,24,RING,LL128,24,0,RING,A_flag_ceiling
broadcast_perf,3,24,524288,131072,float,none,100.51,5.22,5.22,0,99.01,5.3,5.3,0,RING,LL128,24,RING,LL128,24,0,RING,A_flag_ceiling
broadcast_perf,3,24,1048576,262144,float,none,108.48,9.67,9.67,0,107.86,9.72,9.72,0,RING,LL128,24,RING,LL128,24,0,RING,A_flag_ceiling
broadcast_perf,3,24,2097152,524288,float,none,134.19,15.63,15.63,0,134.87,15.55,15.55,0,RING,LL128,24,RING,LL128,24,0,RING,A_flag_ceiling
broadcast_perf,3,24,4194304,1048576,float,none,145.91,28.75,28.75,0,146.57,28.62,28.62,0,RING,LL128,24,RING,LL128,24,0,RING,A_flag_ceiling
broadcast_perf,3,24,8388608,2097152,float,none,172.69,48.57,48.57,0,173.8,48.26,48.26,0,RING,LL128,24,RING,LL128,24,0,RING,A_flag_ceiling
broadcast_perf,3,24,16777216,4194304,float,none,221.54,75.73,75.73,0,219.79,76.33,76.33,0,RING,LL128,24,RING,LL128,24,0,RING,A_flag_ceiling
broadcast_perf,3,24,33554432,8388608,float,none,313.03,107.19,107.19,0,317.16,105.8,105.8,0,RING,LL128,24,RING,LL128,24,0,RING,A_flag_ceiling
broadcast_perf,3,24,67108864,16777216,float,none,496.79,135.09,135.09,0,483.78,138.72,138.72,0,RING,LL128,24,RING,LL128,24,0,RING,A_flag_ceiling
broadcast_perf,3,24,134217728,33554432,float,none,836.52,160.45,160.45,0,837.81,160.2,160.2,0,RING,LL128,24,RING,LL128,24,0,RING,A_flag_ceiling
broadcast_perf,3,24,268435456,67108864,float,none,1555.97,172.52,172.52,0,1562.22,171.83,171.83,0,RING,LL128,24,RING,LL128,24,0,RING,A_flag_ceiling
broadcast_perf,3,24,536870912,134217728,float,none,3002.38,178.82,178.82,0,2998.98,179.02,179.02,0,RING,LL128,24,RING,LL128,24,0,RING,A_flag_ceiling
broadcast_perf,3,24,4096,1024,float,none,33.18,0.12,0.12,0,32.41,0.13,0.13,0,RING,SIMPLE,32,RING,SIMPLE,32,0,RING,A_flag_ceiling
broadcast_perf,3,24,8192,2048,float,none,32.54,0.25,0.25,0,32.47,0.25,0.25,0,RING,SIMPLE,32,RING,SIMPLE,32,0,RING,A_flag_ceiling
broadcast_perf,3,24,16384,4096,float,none,33.18,0.49,0.49,0,34.55,0.47,0.47,0,RING,SIMPLE,32,RING,SIMPLE,32,0,RING,A_flag_ceiling
broadcast_perf,3,24,32768,8192,float,none,80.83,0.41,0.41,0,80.06,0.41,0.41,0,RING,SIMPLE,32,RING,SIMPLE,32,0,RING,A_flag_ceiling
broadcast_perf,3,24,65536,16384,float,none,111.48,0.59,0.59,0,112.17,0.58,0.58,0,RING,SIMPLE,32,RING,SIMPLE,32,0,RING,A_flag_ceiling
broadcast_perf,3,24,131072,32768,float,none,114.99,1.14,1.14,0,115.06,1.14,1.14,0,RING,SIMPLE,32,RING,SIMPLE,32,0,RING,A_flag_ceiling
broadcast_perf,3,24,262144,65536,float,none,118.54,2.21,2.21,0,116.99,2.24,2.24,0,RING,SIMPLE,32,RING,SIMPLE,32,0,RING,A_flag_ceiling
broadcast_perf,3,24,524288,131072,float,none,121.24,4.32,4.32,0,120.67,4.34,4.34,0,RING,SIMPLE,32,RING,SIMPLE,32,0,RING,A_flag_ceiling
broadcast_perf,3,24,1048576,262144,float,none,143.9,7.29,7.29,0,143.12,7.33,7.33,0,RING,SIMPLE,32,RING,SIMPLE,32,0,RING,A_flag_ceiling
broadcast_perf,3,24,2097152,524288,float,none,151.18,13.87,13.87,0,152.44,13.76,13.76,0,RING,SIMPLE,32,RING,SIMPLE,32,0,RING,A_flag_ceiling
broadcast_perf,3,24,4194304,1048576,float,none,165.65,25.32,25.32,0,165.43,25.35,25.35,0,RING,SIMPLE,32,RING,SIMPLE,32,0,RING,A_flag_ceiling
broadcast_perf,3,24,8388608,2097152,float,none,193.05,43.45,43.45,0,192.41,43.6,43.6,0,RING,SIMPLE,32,RING,SIMPLE,32,0,RING,A_flag_ceiling
broadcast_perf,3,24,16777216,4194304,float,none,262.44,63.93,63.93,0,264.2,63.5,63.5,0,RING,SIMPLE,32,RING,SIMPLE,32,0,RING,A_flag_ceiling
broadcast_perf,3,24,33554432,8388608,float,none,332.27,100.99,100.99,0,325.33,103.14,103.14,0,RING,SIMPLE,32,RING,SIMPLE,32,0,RING,A_flag_ceiling
broadcast_perf,3,24,67108864,16777216,float,none,508.47,131.98,131.98,0,506.47,132.5,132.5,0,RING,SIMPLE,32,RING,SIMPLE,32,0,RING,A_flag_ceiling
broadcast_perf,3,24,134217728,33554432,float,none,725.01,185.13,185.13,0,718.83,186.72,186.72,0,RING,SIMPLE,32,RING,SIMPLE,32,0,RING,A_flag_ceiling
broadcast_perf,3,24,268435456,67108864,float,none,1277.32,210.16,210.16,0,1268.01,211.7,211.7,0,RING,SIMPLE,32,RING,SIMPLE,32,0,RING,A_flag_ceiling
broadcast_perf,3,24,536870912,134217728,float,none,2047.32,262.23,262.23,0,2043.3,262.75,262.75,0,RING,SIMPLE,32,RING,SIMPLE,32,0,RING,A_flag_ceiling
broadcast_perf,3,24,4096,1024,float,none,30.55,0.13,0.13,0,27.6,0.15,0.15,0,RING,LL,32,RING,LL,32,0,RING,A_flag_ceiling
broadcast_perf,3,24,8192,2048,float,none,51.67,0.16,0.16,0,52.41,0.16,0.16,0,RING,LL,32,RING,LL,32,0,RING,A_flag_ceiling
broadcast_perf,3,24,16384,4096,float,none,67.65,0.24,0.24,0,67.63,0.24,0.24,0,RING,LL,32,RING,LL,32,0,RING,A_flag_ceiling
broadcast_perf,3,24,32768,8192,float,none,73.72,0.44,0.44,0,73.47,0.45,0.45,0,RING,LL,32,RING,LL,32,0,RING,A_flag_ceiling
broadcast_perf,3,24,65536,16384,float,none,70.55,0.93,0.93,0,70.38,0.93,0.93,0,RING,LL,32,RING,LL,32,0,RING,A_flag_ceiling
broadcast_perf,3,24,131072,32768,float,none,75.46,1.74,1.74,0,74.41,1.76,1.76,0,RING,LL,32,RING,LL,32,0,RING,A_flag_ceiling
broadcast_perf,3,24,262144,65536,float,none,85.93,3.05,3.05,0,85.44,3.07,3.07,0,RING,LL,32,RING,LL,32,0,RING,A_flag_ceiling
broadcast_perf,3,24,524288,131072,float,none,103.79,5.05,5.05,0,102.73,5.1,5.1,0,RING,LL,32,RING,LL,32,0,RING,A_flag_ceiling
broadcast_perf,3,24,1048576,262144,float,none,121.59,8.62,8.62,0,117.44,8.93,8.93,0,RING,LL,32,RING,LL,32,0,RING,A_flag_ceiling
broadcast_perf,3,24,2097152,524288,float,none,141.19,14.85,14.85,0,140.76,14.9,14.9,0,RING,LL,32,RING,LL,32,0,RING,A_flag_ceiling
broadcast_perf,3,24,4194304,1048576,float,none,186.15,22.53,22.53,0,186.41,22.5,22.5,0,RING,LL,32,RING,LL,32,0,RING,A_flag_ceiling
broadcast_perf,3,24,8388608,2097152,float,none,307.7,27.26,27.26,0,307.54,27.28,27.28,0,RING,LL,32,RING,LL,32,0,RING,A_flag_ceiling
broadcast_perf,3,24,16777216,4194304,float,none,538.13,31.18,31.18,0,539.0,31.13,31.13,0,RING,LL,32,RING,LL,32,0,RING,A_flag_ceiling
broadcast_perf,3,24,33554432,8388608,float,none,999.21,33.58,33.58,0,997.7,33.63,33.63,0,RING,LL,32,RING,LL,32,0,RING,A_flag_ceiling
broadcast_perf,3,24,67108864,16777216,float,none,1894.6,35.42,35.42,0,1874.7,35.8,35.8,0,RING,LL,32,RING,LL,32,0,RING,A_flag_ceiling
broadcast_perf,3,24,134217728,33554432,float,none,3649.93,36.77,36.77,0,3630.45,36.97,36.97,0,RING,LL,32,RING,LL,32,0,RING,A_flag_ceiling
broadcast_perf,3,24,268435456,67108864,float,none,7159.96,37.49,37.49,0,7207.45,37.24,37.24,0,RING,LL,32,RING,LL,32,0,RING,A_flag_ceiling
broadcast_perf,3,24,536870912,134217728,float,none,14200.4,37.81,37.81,0,14156.5,37.92,37.92,0,RING,LL,32,RING,LL,32,0,RING,A_flag_ceiling
broadcast_perf,3,24,4096,1024,float,none,32.53,0.13,0.13,0,31.21,0.13,0.13,0,RING,LL128,32,RING,LL128,32,0,RING,A_flag_ceiling
broadcast_perf,3,24,8192,2048,float,none,29.63,0.28,0.28,0,30.46,0.27,0.27,0,RING,LL128,32,RING,LL128,32,0,RING,A_flag_ceiling
broadcast_perf,3,24,16384,4096,float,none,30.98,0.53,0.53,0,31.01,0.53,0.53,0,RING,LL128,32,RING,LL128,32,0,RING,A_flag_ceiling
broadcast_perf,3,24,32768,8192,float,none,61.37,0.53,0.53,0,65.44,0.5,0.5,0,RING,LL128,32,RING,LL128,32,0,RING,A_flag_ceiling
broadcast_perf,3,24,65536,16384,float,none,84.29,0.78,0.78,0,84.36,0.78,0.78,0,RING,LL128,32,RING,LL128,32,0,RING,A_flag_ceiling
broadcast_perf,3,24,131072,32768,float,none,87.53,1.5,1.5,0,87.58,1.5,1.5,0,RING,LL128,32,RING,LL128,32,0,RING,A_flag_ceiling
broadcast_perf,3,24,262144,65536,float,none,87.11,3.01,3.01,0,89.48,2.93,2.93,0,RING,LL128,32,RING,LL128,32,0,RING,A_flag_ceiling
broadcast_perf,3,24,524288,131072,float,none,91.72,5.72,5.72,0,93.01,5.64,5.64,0,RING,LL128,32,RING,LL128,32,0,RING,A_flag_ceiling
broadcast_perf,3,24,1048576,262144,float,none,102.72,10.21,10.21,0,108.73,9.64,9.64,0,RING,LL128,32,RING,LL128,32,0,RING,A_flag_ceiling
broadcast_perf,3,24,2097152,524288,float,none,121.42,17.27,17.27,0,122.77,17.08,17.08,0,RING,LL128,32,RING,LL128,32,0,RING,A_flag_ceiling
broadcast_perf,3,24,4194304,1048576,float,none,146.06,28.72,28.72,0,145.89,28.75,28.75,0,RING,LL128,32,RING,LL128,32,0,RING,A_flag_ceiling
broadcast_perf,3,24,8388608,2097152,float,none,167.84,49.98,49.98,0,168.31,49.84,49.84,0,RING,LL128,32,RING,LL128,32,0,RING,A_flag_ceiling
broadcast_perf,3,24,16777216,4194304,float,none,208.62,80.42,80.42,0,208.07,80.63,80.63,0,RING,LL128,32,RING,LL128,32,0,RING,A_flag_ceiling
broadcast_perf,3,24,33554432,8388608,float,none,278.87,120.32,120.32,0,280.56,119.6,119.6,0,RING,LL128,32,RING,LL128,32,0,RING,A_flag_ceiling
broadcast_perf,3,24,67108864,16777216,float,none,423.21,158.57,158.57,0,413.62,162.25,162.25,0,RING,LL128,32,RING,LL128,32,0,RING,A_flag_ceiling
broadcast_perf,3,24,134217728,33554432,float,none,707.63,189.67,189.67,0,707.84,189.61,189.61,0,RING,LL128,32,RING,LL128,32,0,RING,A_flag_ceiling
broadcast_perf,3,24,268435456,67108864,float,none,1274.41,210.63,210.63,0,1279.91,209.73,209.73,0,RING,LL128,32,RING,LL128,32,0,RING,A_flag_ceiling
broadcast_perf,3,24,536870912,134217728,float,none,2439.18,220.1,220.1,0,2386.07,225.0,225.0,0,RING,LL128,32,RING,LL128,32,0,RING,A_flag_ceiling
broadcast_perf,3,24,4096,1024,float,none,35.13,0.12,0.12,0,32.24,0.13,0.13,0,RING,SIMPLE,40,RING,SIMPLE,40,0,RING,A_flag_ceiling
broadcast_perf,3,24,8192,2048,float,none,32.75,0.25,0.25,0,32.49,0.25,0.25,0,RING,SIMPLE,40,RING,SIMPLE,40,0,RING,A_flag_ceiling
broadcast_perf,3,24,16384,4096,float,none,34.91,0.47,0.47,0,33.43,0.49,0.49,0,RING,SIMPLE,40,RING,SIMPLE,40,0,RING,A_flag_ceiling
broadcast_perf,3,24,32768,8192,float,none,83.66,0.39,0.39,0,87.57,0.37,0.37,0,RING,SIMPLE,40,RING,SIMPLE,40,0,RING,A_flag_ceiling
broadcast_perf,3,24,65536,16384,float,none,130.11,0.5,0.5,0,129.83,0.5,0.5,0,RING,SIMPLE,40,RING,SIMPLE,40,0,RING,A_flag_ceiling
broadcast_perf,3,24,131072,32768,float,none,136.3,0.96,0.96,0,130.03,1.01,1.01,0,RING,SIMPLE,40,RING,SIMPLE,40,0,RING,A_flag_ceiling
broadcast_perf,3,24,262144,65536,float,none,134.55,1.95,1.95,0,134.6,1.95,1.95,0,RING,SIMPLE,40,RING,SIMPLE,40,0,RING,A_flag_ceiling
broadcast_perf,3,24,524288,131072,float,none,130.84,4.01,4.01,0,145.25,3.61,3.61,0,RING,SIMPLE,40,RING,SIMPLE,40,0,RING,A_flag_ceiling
broadcast_perf,3,24,1048576,262144,float,none,150.0,6.99,6.99,0,156.04,6.72,6.72,0,RING,SIMPLE,40,RING,SIMPLE,40,0,RING,A_flag_ceiling
broadcast_perf,3,24,2097152,524288,float,none,161.84,12.96,12.96,0,154.29,13.59,13.59,0,RING,SIMPLE,40,RING,SIMPLE,40,0,RING,A_flag_ceiling
broadcast_perf,3,24,4194304,1048576,float,none,187.07,22.42,22.42,0,167.32,25.07,25.07,0,RING,SIMPLE,40,RING,SIMPLE,40,0,RING,A_flag_ceiling
broadcast_perf,3,24,8388608,2097152,float,none,208.16,40.3,40.3,0,198.66,42.23,42.23,0,RING,SIMPLE,40,RING,SIMPLE,40,0,RING,A_flag_ceiling
broadcast_perf,3,24,16777216,4194304,float,none,257.17,65.24,65.24,0,259.38,64.68,64.68,0,RING,SIMPLE,40,RING,SIMPLE,40,0,RING,A_flag_ceiling
broadcast_perf,3,24,33554432,8388608,float,none,328.05,102.28,102.28,0,324.09,103.54,103.54,0,RING,SIMPLE,40,RING,SIMPLE,40,0,RING,A_flag_ceiling
broadcast_perf,3,24,67108864,16777216,float,none,431.17,155.64,155.64,0,429.28,156.33,156.33,0,RING,SIMPLE,40,RING,SIMPLE,40,0,RING,A_flag_ceiling
broadcast_perf,3,24,134217728,33554432,float,none,703.66,190.74,190.74,0,706.12,190.08,190.08,0,RING,SIMPLE,40,RING,SIMPLE,40,0,RING,A_flag_ceiling
broadcast_perf,3,24,268435456,67108864,float,none,1093.49,245.48,245.48,0,1083.54,247.74,247.74,0,RING,SIMPLE,40,RING,SIMPLE,40,0,RING,A_flag_ceiling
broadcast_perf,3,24,536870912,134217728,float,none,2026.31,264.95,264.95,0,2031.49,264.27,264.27,0,RING,SIMPLE,40,RING,SIMPLE,40,0,RING,A_flag_ceiling
broadcast_perf,3,24,4096,1024,float,none,32.28,0.13,0.13,0,29.26,0.14,0.14,0,RING,LL,40,RING,LL,40,0,RING,A_flag_ceiling
broadcast_perf,3,24,8192,2048,float,none,48.98,0.17,0.17,0,52.81,0.16,0.16,0,RING,LL,40,RING,LL,40,0,RING,A_flag_ceiling
broadcast_perf,3,24,16384,4096,float,none,67.77,0.24,0.24,0,66.07,0.25,0.25,0,RING,LL,40,RING,LL,40,0,RING,A_flag_ceiling
broadcast_perf,3,24,32768,8192,float,none,69.44,0.47,0.47,0,70.09,0.47,0.47,0,RING,LL,40,RING,LL,40,0,RING,A_flag_ceiling
broadcast_perf,3,24,65536,16384,float,none,74.12,0.88,0.88,0,72.89,0.9,0.9,0,RING,LL,40,RING,LL,40,0,RING,A_flag_ceiling
broadcast_perf,3,24,131072,32768,float,none,75.87,1.73,1.73,0,85.96,1.52,1.52,0,RING,LL,40,RING,LL,40,0,RING,A_flag_ceiling
broadcast_perf,3,24,262144,65536,float,none,85.43,3.07,3.07,0,85.76,3.06,3.06,0,RING,LL,40,RING,LL,40,0,RING,A_flag_ceiling
broadcast_perf,3,24,524288,131072,float,none,106.88,4.91,4.91,0,101.78,5.15,5.15,0,RING,LL,40,RING,LL,40,0,RING,A_flag_ceiling
broadcast_perf,3,24,1048576,262144,float,none,117.29,8.94,8.94,0,118.43,8.85,8.85,0,RING,LL,40,RING,LL,40,0,RING,A_flag_ceiling
broadcast_perf,3,24,2097152,524288,float,none,143.36,14.63,14.63,0,140.57,14.92,14.92,0,RING,LL,40,RING,LL,40,0,RING,A_flag_ceiling
broadcast_perf,3,24,4194304,1048576,float,none,185.0,22.67,22.67,0,184.48,22.74,22.74,0,RING,LL,40,RING,LL,40,0,RING,A_flag_ceiling
broadcast_perf,3,24,8388608,2097152,float,none,299.66,27.99,27.99,0,298.75,28.08,28.08,0,RING,LL,40,RING,LL,40,0,RING,A_flag_ceiling
broadcast_perf,3,24,16777216,4194304,float,none,518.55,32.35,32.35,0,518.84,32.34,32.34,0,RING,LL,40,RING,LL,40,0,RING,A_flag_ceiling
broadcast_perf,3,24,33554432,8388608,float,none,938.57,35.75,35.75,0,933.15,35.96,35.96,0,RING,LL,40,RING,LL,40,0,RING,A_flag_ceiling
broadcast_perf,3,24,67108864,16777216,float,none,1769.24,37.93,37.93,0,1763.14,38.06,38.06,0,RING,LL,40,RING,LL,40,0,RING,A_flag_ceiling
broadcast_perf,3,24,134217728,33554432,float,none,3443.7,38.97,38.97,0,3446.38,38.94,38.94,0,RING,LL,40,RING,LL,40,0,RING,A_flag_ceiling
broadcast_perf,3,24,268435456,67108864,float,none,6832.32,39.29,39.29,0,6790.23,39.53,39.53,0,RING,LL,40,RING,LL,40,0,RING,A_flag_ceiling
broadcast_perf,3,24,536870912,134217728,float,none,13603.0,39.47,39.47,0,13433.3,39.97,39.97,0,RING,LL,40,RING,LL,40,0,RING,A_flag_ceiling
broadcast_perf,3,24,4096,1024,float,none,32.38,0.13,0.13,0,32.74,0.13,0.13,0,RING,LL128,40,RING,LL128,40,0,RING,A_flag_ceiling
broadcast_perf,3,24,8192,2048,float,none,31.35,0.26,0.26,0,32.3,0.25,0.25,0,RING,LL128,40,RING,LL128,40,0,RING,A_flag_ceiling
broadcast_perf,3,24,16384,4096,float,none,31.15,0.53,0.53,0,30.83,0.53,0.53,0,RING,LL128,40,RING,LL128,40,0,RING,A_flag_ceiling
broadcast_perf,3,24,32768,8192,float,none,67.37,0.49,0.49,0,66.64,0.49,0.49,0,RING,LL128,40,RING,LL128,40,0,RING,A_flag_ceiling
broadcast_perf,3,24,65536,16384,float,none,84.44,0.78,0.78,0,82.99,0.79,0.79,0,RING,LL128,40,RING,LL128,40,0,RING,A_flag_ceiling
broadcast_perf,3,24,131072,32768,float,none,88.16,1.49,1.49,0,95.85,1.37,1.37,0,RING,LL128,40,RING,LL128,40,0,RING,A_flag_ceiling
broadcast_perf,3,24,262144,65536,float,none,91.1,2.88,2.88,0,105.07,2.5,2.5,0,RING,LL128,40,RING,LL128,40,0,RING,A_flag_ceiling
broadcast_perf,3,24,524288,131072,float,none,94.24,5.56,5.56,0,94.9,5.52,5.52,0,RING,LL128,40,RING,LL128,40,0,RING,A_flag_ceiling
broadcast_perf,3,24,1048576,262144,float,none,106.84,9.81,9.81,0,104.47,10.04,10.04,0,RING,LL128,40,RING,LL128,40,0,RING,A_flag_ceiling
broadcast_perf,3,24,2097152,524288,float,none,121.48,17.26,17.26,0,124.28,16.87,16.87,0,RING,LL128,40,RING,LL128,40,0,RING,A_flag_ceiling
broadcast_perf,3,24,4194304,1048576,float,none,147.84,28.37,28.37,0,147.89,28.36,28.36,0,RING,LL128,40,RING,LL128,40,0,RING,A_flag_ceiling
broadcast_perf,3,24,8388608,2097152,float,none,168.92,49.66,49.66,0,173.66,48.31,48.31,0,RING,LL128,40,RING,LL128,40,0,RING,A_flag_ceiling
broadcast_perf,3,24,16777216,4194304,float,none,204.56,82.02,82.02,0,211.41,79.36,79.36,0,RING,LL128,40,RING,LL128,40,0,RING,A_flag_ceiling
broadcast_perf,3,24,33554432,8388608,float,none,275.98,121.58,121.58,0,274.61,122.19,122.19,0,RING,LL128,40,RING,LL128,40,0,RING,A_flag_ceiling
broadcast_perf,3,24,67108864,16777216,float,none,395.54,169.67,169.67,0,389.0,172.52,172.52,0,RING,LL128,40,RING,LL128,40,0,RING,A_flag_ceiling
broadcast_perf,3,24,134217728,33554432,float,none,635.42,211.23,211.23,0,640.05,209.7,209.7,0,RING,LL128,40,RING,LL128,40,0,RING,A_flag_ceiling
broadcast_perf,3,24,268435456,67108864,float,none,1127.42,238.1,238.1,0,1132.73,236.98,236.98,0,RING,LL128,40,RING,LL128,40,0,RING,A_flag_ceiling
broadcast_perf,3,24,536870912,134217728,float,none,2108.46,254.63,254.63,0,2140.66,250.8,250.8,0,RING,LL128,40,RING,LL128,40,0,RING,A_flag_ceiling
broadcast_perf,3,24,4096,1024,float,none,33.81,0.12,0.12,0,33.26,0.12,0.12,0,RING,SIMPLE,48,RING,SIMPLE,48,0,RING,A_flag_ceiling
broadcast_perf,3,24,8192,2048,float,none,36.06,0.23,0.23,0,37.82,0.22,0.22,0,RING,SIMPLE,48,RING,SIMPLE,48,0,RING,A_flag_ceiling
broadcast_perf,3,24,16384,4096,float,none,37.8,0.43,0.43,0,36.17,0.45,0.45,0,RING,SIMPLE,48,RING,SIMPLE,48,0,RING,A_flag_ceiling
broadcast_perf,3,24,32768,8192,float,none,95.23,0.34,0.34,0,90.78,0.36,0.36,0,RING,SIMPLE,48,RING,SIMPLE,48,0,RING,A_flag_ceiling
broadcast_perf,3,24,65536,16384,float,none,144.92,0.45,0.45,0,133.88,0.49,0.49,0,RING,SIMPLE,48,RING,SIMPLE,48,0,RING,A_flag_ceiling
broadcast_perf,3,24,131072,32768,float,none,134.16,0.98,0.98,0,158.79,0.83,0.83,0,RING,SIMPLE,48,RING,SIMPLE,48,0,RING,A_flag_ceiling
broadcast_perf,3,24,262144,65536,float,none,147.67,1.78,1.78,0,156.94,1.67,1.67,0,RING,SIMPLE,48,RING,SIMPLE,48,0,RING,A_flag_ceiling
broadcast_perf,3,24,524288,131072,float,none,154.64,3.39,3.39,0,154.08,3.4,3.4,0,RING,SIMPLE,48,RING,SIMPLE,48,0,RING,A_flag_ceiling
broadcast_perf,3,24,1048576,262144,float,none,182.89,5.73,5.73,0,189.61,5.53,5.53,0,RING,SIMPLE,48,RING,SIMPLE,48,0,RING,A_flag_ceiling
broadcast_perf,3,24,2097152,524288,float,none,196.49,10.67,10.67,0,199.2,10.53,10.53,0,RING,SIMPLE,48,RING,SIMPLE,48,0,RING,A_flag_ceiling
broadcast_perf,3,24,4194304,1048576,float,none,191.29,21.93,21.93,0,194.42,21.57,21.57,0,RING,SIMPLE,48,RING,SIMPLE,48,0,RING,A_flag_ceiling
broadcast_perf,3,24,8388608,2097152,float,none,209.15,40.11,40.11,0,226.38,37.06,37.06,0,RING,SIMPLE,48,RING,SIMPLE,48,0,RING,A_flag_ceiling
broadcast_perf,3,24,16777216,4194304,float,none,257.3,65.2,65.2,0,252.7,66.39,66.39,0,RING,SIMPLE,48,RING,SIMPLE,48,0,RING,A_flag_ceiling
broadcast_perf,3,24,33554432,8388608,float,none,324.12,103.52,103.52,0,322.72,103.97,103.97,0,RING,SIMPLE,48,RING,SIMPLE,48,0,RING,A_flag_ceiling
broadcast_perf,3,24,67108864,16777216,float,none,432.56,155.14,155.14,0,430.93,155.73,155.73,0,RING,SIMPLE,48,RING,SIMPLE,48,0,RING,A_flag_ceiling
broadcast_perf,3,24,134217728,33554432,float,none,722.31,185.82,185.82,0,722.65,185.73,185.73,0,RING,SIMPLE,48,RING,SIMPLE,48,0,RING,A_flag_ceiling
broadcast_perf,3,24,268435456,67108864,float,none,1094.57,245.24,245.24,0,1095.64,245.0,245.0,0,RING,SIMPLE,48,RING,SIMPLE,48,0,RING,A_flag_ceiling
broadcast_perf,3,24,536870912,134217728,float,none,2072.25,259.08,259.08,0,2073.12,258.97,258.97,0,RING,SIMPLE,48,RING,SIMPLE,48,0,RING,A_flag_ceiling
broadcast_perf,3,24,4096,1024,float,none,30.34,0.14,0.14,0,28.77,0.14,0.14,0,RING,LL,48,RING,LL,48,0,RING,A_flag_ceiling
broadcast_perf,3,24,8192,2048,float,none,53.2,0.15,0.15,0,50.64,0.16,0.16,0,RING,LL,48,RING,LL,48,0,RING,A_flag_ceiling
broadcast_perf,3,24,16384,4096,float,none,68.57,0.24,0.24,0,66.9,0.24,0.24,0,RING,LL,48,RING,LL,48,0,RING,A_flag_ceiling
broadcast_perf,3,24,32768,8192,float,none,76.06,0.43,0.43,0,68.34,0.48,0.48,0,RING,LL,48,RING,LL,48,0,RING,A_flag_ceiling
broadcast_perf,3,24,65536,16384,float,none,70.15,0.93,0.93,0,69.98,0.94,0.94,0,RING,LL,48,RING,LL,48,0,RING,A_flag_ceiling
broadcast_perf,3,24,131072,32768,float,none,75.2,1.74,1.74,0,75.95,1.73,1.73,0,RING,LL,48,RING,LL,48,0,RING,A_flag_ceiling
broadcast_perf,3,24,262144,65536,float,none,91.24,2.87,2.87,0,85.34,3.07,3.07,0,RING,LL,48,RING,LL,48,0,RING,A_flag_ceiling
broadcast_perf,3,24,524288,131072,float,none,101.99,5.14,5.14,0,100.06,5.24,5.24,0,RING,LL,48,RING,LL,48,0,RING,A_flag_ceiling
broadcast_perf,3,24,1048576,262144,float,none,118.43,8.85,8.85,0,121.65,8.62,8.62,0,RING,LL,48,RING,LL,48,0,RING,A_flag_ceiling
broadcast_perf,3,24,2097152,524288,float,none,145.83,14.38,14.38,0,145.27,14.44,14.44,0,RING,LL,48,RING,LL,48,0,RING,A_flag_ceiling
broadcast_perf,3,24,4194304,1048576,float,none,199.19,21.06,21.06,0,197.19,21.27,21.27,0,RING,LL,48,RING,LL,48,0,RING,A_flag_ceiling
broadcast_perf,3,24,8388608,2097152,float,none,334.88,25.05,25.05,0,335.24,25.02,25.02,0,RING,LL,48,RING,LL,48,0,RING,A_flag_ceiling
broadcast_perf,3,24,16777216,4194304,float,none,543.89,30.85,30.85,0,541.66,30.97,30.97,0,RING,LL,48,RING,LL,48,0,RING,A_flag_ceiling
broadcast_perf,3,24,33554432,8388608,float,none,995.02,33.72,33.72,0,996.63,33.67,33.67,0,RING,LL,48,RING,LL,48,0,RING,A_flag_ceiling
broadcast_perf,3,24,67108864,16777216,float,none,1897.21,35.37,35.37,0,1877.0,35.75,35.75,0,RING,LL,48,RING,LL,48,0,RING,A_flag_ceiling
broadcast_perf,3,24,134217728,33554432,float,none,3668.45,36.59,36.59,0,3552.31,37.78,37.78,0,RING,LL,48,RING,LL,48,0,RING,A_flag_ceiling
broadcast_perf,3,24,268435456,67108864,float,none,6688.48,40.13,40.13,0,6617.85,40.56,40.56,0,RING,LL,48,RING,LL,48,0,RING,A_flag_ceiling
broadcast_perf,3,24,536870912,134217728,float,none,13173.2,40.75,40.75,0,13177.2,40.74,40.74,0,RING,LL,48,RING,LL,48,0,RING,A_flag_ceiling
broadcast_perf,3,24,4096,1024,float,none,31.36,0.13,0.13,0,34.16,0.12,0.12,0,RING,LL128,48,RING,LL128,48,0,RING,A_flag_ceiling
broadcast_perf,3,24,8192,2048,float,none,31.56,0.26,0.26,0,29.19,0.28,0.28,0,RING,LL128,48,RING,LL128,48,0,RING,A_flag_ceiling
broadcast_perf,3,24,16384,4096,float,none,38.12,0.43,0.43,0,32.18,0.51,0.51,0,RING,LL128,48,RING,LL128,48,0,RING,A_flag_ceiling
broadcast_perf,3,24,32768,8192,float,none,67.33,0.49,0.49,0,67.64,0.48,0.48,0,RING,LL128,48,RING,LL128,48,0,RING,A_flag_ceiling
broadcast_perf,3,24,65536,16384,float,none,93.52,0.7,0.7,0,85.44,0.77,0.77,0,RING,LL128,48,RING,LL128,48,0,RING,A_flag_ceiling
broadcast_perf,3,24,131072,32768,float,none,91.64,1.43,1.43,0,88.38,1.48,1.48,0,RING,LL128,48,RING,LL128,48,0,RING,A_flag_ceiling
broadcast_perf,3,24,262144,65536,float,none,94.71,2.77,2.77,0,94.06,2.79,2.79,0,RING,LL128,48,RING,LL128,48,0,RING,A_flag_ceiling
broadcast_perf,3,24,524288,131072,float,none,135.85,3.86,3.86,0,94.86,5.53,5.53,0,RING,LL128,48,RING,LL128,48,0,RING,A_flag_ceiling
broadcast_perf,3,24,1048576,262144,float,none,105.05,9.98,9.98,0,103.91,10.09,10.09,0,RING,LL128,48,RING,LL128,48,0,RING,A_flag_ceiling
broadcast_perf,3,24,2097152,524288,float,none,119.63,17.53,17.53,0,118.26,17.73,17.73,0,RING,LL128,48,RING,LL128,48,0,RING,A_flag_ceiling
broadcast_perf,3,24,4194304,1048576,float,none,157.77,26.59,26.59,0,160.95,26.06,26.06,0,RING,LL128,48,RING,LL128,48,0,RING,A_flag_ceiling
broadcast_perf,3,24,8388608,2097152,float,none,181.01,46.34,46.34,0,172.18,48.72,48.72,0,RING,LL128,48,RING,LL128,48,0,RING,A_flag_ceiling
broadcast_perf,3,24,16777216,4194304,float,none,225.28,74.47,74.47,0,207.6,80.82,80.82,0,RING,LL128,48,RING,LL128,48,0,RING,A_flag_ceiling
broadcast_perf,3,24,33554432,8388608,float,none,272.33,123.21,123.21,0,273.26,122.79,122.79,0,RING,LL128,48,RING,LL128,48,0,RING,A_flag_ceiling
broadcast_perf,3,24,67108864,16777216,float,none,402.02,166.93,166.93,0,384.83,174.38,174.38,0,RING,LL128,48,RING,LL128,48,0,RING,A_flag_ceiling
broadcast_perf,3,24,134217728,33554432,float,none,614.86,218.29,218.29,0,606.28,221.38,221.38,0,RING,LL128,48,RING,LL128,48,0,RING,A_flag_ceiling
broadcast_perf,3,24,268435456,67108864,float,none,1068.33,251.27,251.27,0,1067.45,251.47,251.47,0,RING,LL128,48,RING,LL128,48,0,RING,A_flag_ceiling
broadcast_perf,3,24,536870912,134217728,float,none,1964.68,273.26,273.26,0,1968.47,272.74,272.74,0,RING,LL128,48,RING,LL128,48,0,RING,A_flag_ceiling
